gvkey,permno,adate,qdate,public_date,pe_exi,ps,npm,opmad,gpm,roa,roe,roce,totdebt_invcap,debt_ebitda,fcf_ocf,dltt_be,de_ratio,intcov_ratio,curr_ratio,divyield,TICKER
005073,12369,2009-12-31,2010-09-30,2011-01-31,-55.288,0.438,0.010,0.035,0.179,0.088,0.062,0.133,0.742,0.968,0.356,0.184,3.589,3.910,1.152,,
005073,12369,2010-12-31,2010-12-31,2011-02-28,11.602,0.389,0.046,0.044,0.177,0.092,0.303,0.160,0.267,0.925,0.381,0.257,2.699,4.975,,,GM
005073,12369,2010-12-31,2010-12-31,2011-03-31,10.737,0.357,0.046,0.044,0.177,0.092,0.303,0.160,0.267,0.925,0.381,0.257,2.699,4.975,,,GM
005073,12369,2010-12-31,2010-12-31,2011-04-30,11.104,0.369,0.046,0.044,0.177,0.092,0.303,0.160,0.267,0.925,0.381,0.257,2.699,4.975,,,GM
005073,12369,2010-12-31,2011-03-31,2011-05-31,3.860,0.354,0.060,0.042,0.174,0.093,0.357,0.175,0.254,0.810,-0.024,0.227,3.101,6.270,1.160,,GM
005073,12369,2010-12-31,2011-03-31,2011-06-30,3.684,0.325,0.060,0.042,0.174,0.093,0.357,0.175,0.254,0.810,-0.024,0.227,3.101,6.270,1.160,,GM
005073,12369,2010-12-31,2011-03-31,2011-07-31,3.359,0.296,0.060,0.042,0.174,0.093,0.357,0.175,0.254,0.810,-0.024,0.227,3.101,6.270,1.160,,GM
005073,12369,2010-12-31,2011-06-30,2011-08-31,3.342,0.246,0.068,0.043,0.170,0.093,0.395,0.181,0.250,0.869,0.161,0.279,2.915,7.066,1.171,,GM
005073,12369,2010-12-31,2011-06-30,2011-09-30,2.807,0.207,0.068,0.043,0.170,0.093,0.395,0.181,0.250,0.869,0.161,0.279,2.915,7.066,1.171,,GM
005073,12369,2010-12-31,2011-06-30,2011-10-31,3.595,0.265,0.068,0.043,0.170,0.093,0.395,0.181,0.250,0.869,0.161,0.279,2.915,7.066,1.171,,GM
005073,12369,2010-12-31,2011-09-30,2011-11-30,4.618,0.223,0.066,0.043,0.167,0.089,0.365,0.171,0.238,0.942,-0.105,0.312,2.620,8.163,,,GM
005073,12369,2010-12-31,2011-09-30,2011-12-31,4.397,0.213,0.066,0.043,0.167,0.089,0.365,0.171,0.238,0.942,-0.105,0.312,2.620,8.163,,,GM
005073,12369,2010-12-31,2011-09-30,2012-01-31,5.210,0.252,0.066,0.043,0.167,0.089,0.365,0.171,0.238,0.942,-0.105,0.312,2.620,8.163,,,GM
005073,12369,2011-12-31,2011-12-31,2012-02-29,5.681,0.271,0.061,0.047,0.167,0.092,0.349,0.180,0.295,1.064,0.133,0.291,2.665,8.516,,,GM
005073,12369,2011-12-31,2011-12-31,2012-03-31,5.600,0.267,0.061,0.047,0.167,0.092,0.349,0.180,0.295,1.064,0.133,0.291,2.665,8.516,,,GM
005073,12369,2011-12-31,2011-12-31,2012-04-30,5.022,0.240,0.061,0.047,0.167,0.092,0.349,0.180,0.295,1.064,0.133,0.291,2.665,8.516,,,GM
005073,12369,2011-12-31,2012-03-31,2012-05-31,6.435,0.229,0.047,0.049,0.167,0.090,0.235,0.174,0.254,0.980,0.271,0.301,2.615,10.209,1.223,,GM
005073,12369,2011-12-31,2012-03-31,2012-06-30,5.716,0.203,0.047,0.049,0.167,0.090,0.235,0.174,0.254,0.980,0.271,0.301,2.615,10.209,1.223,,GM
005073,12369,2011-12-31,2012-03-31,2012-07-31,5.713,0.203,0.047,0.049,0.167,0.090,0.235,0.174,0.254,0.980,0.271,0.301,2.615,10.209,1.223,,GM
005073,12369,2011-12-31,2012-06-30,2012-08-31,7.625,0.223,0.040,0.046,0.163,0.084,0.196,0.158,0.269,1.089,0.067,0.299,2.634,9.647,1.232,,GM
005073,12369,2011-12-31,2012-06-30,2012-09-30,8.125,0.237,0.040,0.046,0.163,0.084,0.196,0.158,0.269,1.089,0.067,0.299,2.634,9.647,1.232,,GM
005073,12369,2011-12-31,2012-06-30,2012-10-31,9.107,0.266,0.040,0.046,0.163,0.084,0.196,0.158,0.269,1.089,0.067,0.299,2.634,9.647,1.232,,GM
005073,12369,2011-12-31,2012-09-30,2012-11-30,9.729,0.269,0.038,0.043,0.160,0.082,0.187,0.149,0.297,1.212,0.177,0.309,2.747,8.650,1.238,,GM
005073,12369,2011-12-31,2012-09-30,2012-12-31,10.838,0.299,0.038,0.043,0.160,0.082,0.187,0.149,0.297,1.212,0.177,0.309,2.747,8.650,1.238,,GM
005073,12369,2011-12-31,2012-09-30,2013-01-31,10.560,0.291,0.038,0.043,0.160,0.082,0.187,0.149,0.297,1.212,0.177,0.309,2.747,8.650,1.238,,GM
005073,12369,2012-12-31,2012-12-31,2013-02-28,9.298,0.244,0.041,0.004,0.132,0.044,0.238,0.013,0.338,2.495,0.140,0.422,2.978,0.614,1.296,,GM
005073,12369,2012-12-31,2012-12-31,2013-03-31,9.527,0.250,0.041,0.004,0.132,0.044,0.238,0.013,0.338,2.495,0.140,0.422,2.978,0.614,1.296,,GM
005073,12369,2012-12-31,2012-12-31,2013-04-30,10.562,0.278,0.041,0.004,0.132,0.044,0.238,0.013,0.338,2.495,0.140,0.422,2.978,0.614,1.296,,GM
005073,12369,2012-12-31,2013-03-31,2013-05-31,11.646,0.308,0.040,0.000,0.126,0.037,0.207,0.000,0.327,2.975,-0.035,0.365,2.888,0.028,1.267,,GM
005073,12369,2012-12-31,2013-03-31,2013-06-30,11.447,0.302,0.040,0.000,0.126,0.037,0.207,0.000,0.327,2.975,-0.035,0.365,2.888,0.028,1.267,,GM
005073,12369,2012-12-31,2013-03-31,2013-07-31,12.326,0.328,0.040,0.000,0.126,0.037,0.207,0.000,0.327,2.975,-0.035,0.365,2.888,0.028,1.267,,GM
005073,12369,2012-12-31,2013-06-30,2013-08-31,12.171,0.309,0.037,-0.001,0.122,0.033,0.195,-0.005,0.378,3.897,0.047,0.435,3.021,-0.366,1.282,,GM
005073,12369,2012-12-31,2013-06-30,2013-09-30,12.846,0.326,0.037,-0.001,0.122,0.033,0.195,-0.005,0.378,3.897,0.047,0.435,3.021,-0.366,1.282,,GM
005073,12369,2012-12-31,2013-06-30,2013-10-31,13.196,0.335,0.037,-0.001,0.122,0.033,0.195,-0.005,0.378,3.897,0.047,0.435,3.021,-0.366,1.282,,GM
005073,12369,2012-12-31,2013-09-30,2013-11-30,16.411,0.349,0.036,0.003,0.124,0.034,0.195,0.009,0.442,4.358,0.054,0.538,3.243,0.947,1.293,,GM
005073,12369,2012-12-31,2013-09-30,2013-12-31,17.318,0.368,0.036,0.003,0.124,0.034,0.195,0.009,0.442,4.358,0.054,0.538,3.243,0.947,1.293,,GM
005073,12369,2012-12-31,2013-09-30,2014-01-31,15.288,0.325,0.036,0.003,0.124,0.034,0.195,0.009,0.442,4.358,0.054,0.538,3.243,0.947,1.293,,GM
005073,12369,2013-12-31,2013-12-31,2014-02-28,15.210,0.370,0.034,0.043,0.158,0.080,0.168,0.114,0.555,2.870,0.223,0.569,2.838,5.929,1.306,,GM
005073,12369,2013-12-31,2013-12-31,2014-03-31,,0.352,0.034,0.043,0.158,0.080,0.168,0.114,0.555,2.870,0.223,0.569,2.838,5.929,1.306,3.87%,GM
005073,12369,2013-12-31,2013-12-31,2014-04-30,,0.356,0.034,0.043,0.158,0.080,0.168,0.114,0.555,2.870,0.223,0.569,2.838,5.929,1.306,3.87%,GM
005073,12369,2013-12-31,2014-03-31,2014-05-31,,0.356,0.028,0.031,0.141,0.062,0.142,0.083,0.543,3.278,0.291,0.609,3.183,14.194,1.287,3.85%,GM
005073,12369,2013-12-31,2014-03-31,2014-06-30,,0.373,0.028,0.031,0.141,0.062,0.142,0.083,0.543,3.278,0.291,0.609,3.183,14.194,1.287,3.61%,GM
005073,12369,2013-12-31,2014-03-31,2014-07-31,,0.348,0.028,0.031,0.141,0.062,0.142,0.083,0.543,3.278,0.291,0.609,3.183,14.194,1.287,3.88%,GM
005073,12369,2013-12-31,2014-06-30,2014-08-31,,0.357,0.021,0.027,0.141,0.060,0.096,0.062,0.571,3.623,0.207,0.614,3.188,10.784,1.280,3.77%,GM
005073,12369,2013-12-31,2014-06-30,2014-09-30,,0.327,0.021,0.027,0.141,0.060,0.096,0.062,0.571,3.623,0.207,0.614,3.188,10.784,1.280,4.12%,GM
005073,12369,2013-12-31,2014-06-30,2014-10-31,,0.322,0.021,0.027,0.141,0.060,0.096,0.062,0.571,3.623,0.207,0.614,3.188,10.784,1.280,4.19%,GM
005073,12369,2013-12-31,2014-09-30,2014-11-30,,0.343,0.019,0.022,0.140,0.058,0.082,0.048,0.576,3.860,-0.061,0.616,3.084,8.399,1.278,3.94%,GM
005073,12369,2013-12-31,2014-09-30,2014-12-31,,0.358,0.019,0.022,0.140,0.058,0.082,0.048,0.576,3.860,-0.061,0.616,3.084,8.399,1.278,3.95%,GM
005073,12369,2013-12-31,2014-09-30,2015-01-31,,0.334,0.019,0.022,0.140,0.058,0.082,0.048,0.576,3.860,-0.061,0.616,3.084,8.399,1.278,4.22%,GM
005073,12369,2014-12-31,2014-12-31,2015-02-28,,0.385,0.025,0.040,0.156,0.073,0.106,0.079,0.690,3.742,-0.180,0.898,3.995,3.306,1.273,3.69%,GM
005073,12369,2014-12-31,2014-12-31,2015-03-31,,0.387,0.025,0.040,0.156,0.073,0.106,0.079,0.690,3.742,-0.180,0.898,3.995,3.306,1.273,4.03%,GM
005073,12369,2014-12-31,2014-12-31,2015-04-30,,0.361,0.025,0.040,0.156,0.073,0.106,0.079,0.690,3.742,-0.180,0.898,3.995,3.306,1.273,4.31%,GM
005073,12369,2014-12-31,2015-03-31,2015-05-31,,0.375,0.030,0.039,0.161,0.074,0.122,0.076,0.637,3.358,-0.587,0.782,3.537,14.820,1.266,4.20%,GM
005073,12369,2014-12-31,2015-03-31,2015-06-30,,0.347,0.030,0.039,0.161,0.074,0.122,0.076,0.637,3.358,-0.587,0.782,3.537,14.820,1.266,5.36%,GM
005073,12369,2014-12-31,2015-03-31,2015-07-31,,0.324,0.030,0.039,0.161,0.074,0.122,0.076,0.637,3.358,-0.587,0.782,3.537,14.820,1.266,5.67%,GM
005073,12369,2014-12-31,2015-06-30,2015-08-31,,0.305,0.036,0.050,0.171,0.081,0.147,0.093,0.666,3.263,-0.597,0.903,3.790,18.189,1.253,6.07%,GM
005073,12369,2014-12-31,2015-06-30,2015-09-30,,0.311,0.036,0.050,0.171,0.081,0.147,0.093,0.666,3.263,-0.597,0.903,3.790,18.189,1.253,6.35%,GM
005073,12369,2014-12-31,2015-06-30,2015-10-31,,0.356,0.036,0.050,0.171,0.081,0.147,0.093,0.666,3.263,-0.597,0.903,3.790,18.189,1.253,5.46%,GM
005073,12369,2014-12-31,2015-09-30,2015-11-30,,0.373,0.035,0.055,0.177,0.085,0.147,0.100,0.713,3.348,-0.581,1.026,4.159,19.454,1.212,5.27%,GM
005073,12369,2014-12-31,2015-09-30,2015-12-31,,0.347,0.035,0.055,0.177,0.085,0.147,0.100,0.713,3.348,-0.581,1.026,4.159,19.454,1.212,5.84%,GM
005073,12369,2014-12-31,2015-09-30,2016-01-31,,0.300,0.035,0.055,0.177,0.085,0.147,0.100,0.713,3.348,-0.581,1.026,4.159,19.454,1.212,6.70%,GM
005073,12369,2015-12-31,2015-12-31,2016-02-29,,0.298,0.064,0.064,0.187,0.091,0.257,0.106,0.752,3.707,-0.923,1.092,3.867,4.540,1.092,6.74%,GM
005073,12369,2015-12-31,2015-12-31,2016-03-31,,0.318,0.064,0.064,0.187,0.091,0.257,0.106,0.752,3.707,-0.923,1.092,3.867,4.540,1.092,6.41%,GM
005073,12369,2015-12-31,2015-12-31,2016-04-30,,0.321,0.064,0.064,0.187,0.091,0.257,0.106,0.752,3.707,-0.923,1.092,3.867,4.540,1.092,6.33%,GM
005073,12369,2015-12-31,2016-03-31,2016-05-31,,0.322,0.071,0.060,0.185,0.089,0.293,0.097,0.754,3.675,-1.316,1.146,4.121,19.540,1.094,6.44%,GM
005073,12369,2015-12-31,2016-03-31,2016-06-30,,0.291,0.071,0.060,0.185,0.089,0.293,0.097,0.754,3.675,-1.316,1.146,4.121,19.540,1.094,6.82%,GM
005073,12369,2015-12-31,2016-03-31,2016-07-31,,0.327,0.071,0.060,0.185,0.089,0.293,0.097,0.754,3.675,-1.316,1.146,4.121,19.540,1.094,6.12%,GM
005073,12369,2015-12-31,2016-06-30,2016-08-31,,0.333,0.083,0.063,0.191,0.092,0.328,0.095,0.766,3.736,-1.365,1.179,4.003,19.160,1.037,6.04%,GM
005073,12369,2015-12-31,2016-06-30,2016-09-30,,0.334,0.083,0.063,0.191,0.092,0.328,0.095,0.766,3.736,-1.365,1.179,4.003,19.160,1.037,6.17%,GM
005073,12369,2015-12-31,2016-06-30,2016-10-31,,0.324,0.083,0.063,0.191,0.092,0.328,0.095,0.766,3.736,-1.365,1.179,4.003,19.160,1.037,6.20%,GM
005073,12369,2015-12-31,2016-09-30,2016-11-30,,0.354,0.092,0.067,0.197,0.095,0.345,0.093,0.777,3.800,-0.904,1.188,3.875,18.861,0.984,5.67%,GM
005073,12369,2015-12-31,2016-09-30,2016-12-31,,0.357,0.092,0.067,0.197,0.095,0.345,0.093,0.777,3.800,-0.904,1.188,3.875,18.861,0.984,5.79%,GM
005073,12369,2015-12-31,2016-09-30,2017-01-31,,0.372,0.092,0.067,0.197,0.095,0.345,0.093,0.777,3.800,-0.904,1.188,3.875,18.861,0.984,5.51%,GM
005073,12369,2016-12-31,2016-12-31,2017-02-28,,0.332,0.057,0.072,0.201,0.106,0.224,0.103,0.849,3.836,-0.763,1.254,4.052,4.239,0.895,5.48%,GM
005073,12369,2016-12-31,2016-12-31,2017-03-31,,0.318,0.057,0.072,0.201,0.106,0.224,0.103,0.849,3.836,-0.763,1.254,4.052,4.239,0.895,5.80%,GM
005073,12369,2016-12-31,2016-12-31,2017-04-30,,0.314,0.057,0.072,0.201,0.106,0.224,0.103,0.849,3.836,-0.763,1.254,4.052,4.239,0.895,5.92%,GM
005073,12369,2016-12-31,2017-03-31,2017-05-31,,0.334,0.066,0.070,0.202,0.098,0.234,0.089,0.825,3.931,-0.522,1.235,3.936,18.249,0.917,6.04%,GM
005073,12369,2016-12-31,2017-03-31,2017-06-30,,0.344,0.066,0.070,0.202,0.098,0.234,0.089,0.825,3.931,-0.522,1.235,3.936,18.249,0.917,5.88%,GM
005073,12369,2016-12-31,2017-03-31,2017-07-31,,0.342,0.066,0.070,0.202,0.098,0.234,0.089,0.825,3.931,-0.522,1.235,3.936,18.249,0.917,5.71%,GM
005073,12369,2016-12-31,2017-06-30,2017-08-31,,0.348,0.064,0.068,0.204,0.097,0.220,0.082,0.845,4.023,-0.567,1.250,4.051,18.254,0.899,5.62%,GM
005073,12369,2016-12-31,2017-06-30,2017-09-30,,0.385,0.064,0.068,0.204,0.097,0.220,0.082,0.845,4.023,-0.567,1.250,4.051,18.254,0.899,4.56%,GM
005073,12369,2016-12-31,2017-06-30,2017-10-31,,0.399,0.064,0.068,0.204,0.097,0.220,0.082,0.845,4.023,-0.567,1.250,4.051,18.254,0.899,4.29%,GM
005073,12369,2016-12-31,2017-09-30,2017-11-30,,0.414,0.049,0.061,0.204,0.090,0.159,0.069,0.854,4.357,-0.963,1.342,4.183,15.545,0.901,4.28%,GM
005073,12369,2016-12-31,2017-09-30,2017-12-31,,0.394,0.049,0.061,0.204,0.090,0.159,0.069,0.854,4.357,-0.963,1.342,4.183,15.545,0.901,4.77%,GM
005073,12369,2016-12-31,2017-09-30,2018-01-31,,0.408,0.049,0.061,0.204,0.090,0.159,0.069,0.854,4.357,-0.963,1.342,4.183,15.545,0.901,4.61%,GM
005073,12369,2017-12-31,2017-12-31,2018-02-28,,0.379,0.002,0.090,0.237,0.116,0.009,0.102,0.911,3.750,-0.595,1.884,5.036,3.961,0.894,4.97%,GM
005073,12369,2017-12-31,2017-12-31,2018-03-31,,0.350,0.002,0.090,0.237,0.116,0.009,0.102,0.911,3.750,-0.595,1.884,5.036,3.961,0.894,5.39%,GM
005073,12369,2017-12-31,2017-12-31,2018-04-30,,0.356,0.002,0.090,0.237,0.116,0.009,0.102,0.911,3.750,-0.595,1.884,5.036,3.961,0.894,5.34%,GM
005073,12369,2017-12-31,2018-03-31,2018-05-31,,0.417,-0.008,0.056,0.200,0.090,-0.029,0.061,0.885,4.579,-0.756,1.666,4.712,14.054,0.899,4.59%,GM
005073,12369,2017-12-31,2018-03-31,2018-06-30,,0.385,-0.008,0.056,0.200,0.090,-0.029,0.061,0.885,4.579,-0.756,1.666,4.712,14.054,0.899,5.01%,GM
005073,12369,2017-12-31,2018-03-31,2018-07-31,,0.370,-0.008,0.056,0.200,0.090,-0.029,0.061,0.885,4.579,-0.756,1.666,4.712,14.054,0.899,5.20%,GM
005073,12369,2017-12-31,2018-06-30,2018-08-31,,0.353,-0.009,0.048,0.191,0.086,-0.032,0.052,0.898,4.947,-0.765,1.845,4.912,11.446,0.893,5.47%,GM
005073,12369,2017-12-31,2018-06-30,2018-09-30,,0.329,-0.009,0.048,0.191,0.086,-0.032,0.052,0.898,4.947,-0.765,1.845,4.912,11.446,0.893,5.93%,GM
005073,12369,2017-12-31,2018-06-30,2018-10-31,,0.358,-0.009,0.048,0.191,0.086,-0.032,0.052,0.898,4.947,-0.765,1.845,4.912,11.446,0.893,5.46%,GM
005073,12369,2017-12-31,2018-09-30,2018-11-30,,0.366,0.008,0.051,0.192,0.091,0.031,0.056,0.917,4.907,-0.619,1.929,5.046,12.031,0.881,5.26%,GM
005073,12369,2017-12-31,2018-09-30,2018-12-31,,0.323,0.008,0.051,0.192,0.091,0.031,0.056,0.917,4.907,-0.619,1.929,5.046,12.031,0.881,6.08%,GM
005073,12369,2017-12-31,2018-09-30,2019-01-31,,0.376,0.008,0.051,0.192,0.091,0.031,0.056,0.917,4.907,-0.619,1.929,5.046,12.031,0.881,5.21%,GM
005073,12369,2018-12-31,2018-12-31,2019-02-28,,0.378,0.055,0.072,0.216,0.108,0.215,0.077,0.906,4.425,-0.671,1.843,4.749,2.726,0.916,5.15%,GM
005073,12369,2018-12-31,2018-12-31,2019-03-31,,0.356,0.055,0.072,0.216,0.108,0.215,0.077,0.906,4.425,-0.671,1.843,4.749,2.726,0.916,5.51%,GM
005073,12369,2018-12-31,2018-12-31,2019-04-30,,0.376,0.055,0.072,0.216,0.108,0.215,0.077,0.906,4.425,-0.671,1.843,4.749,2.726,0.916,5.25%,GM
005073,12369,2018-12-31,2019-03-31,2019-05-31,,0.324,0.063,0.048,0.200,0.092,0.246,0.051,0.907,5.063,-0.663,1.870,4.795,10.286,0.906,6.13%,GM
005073,12369,2018-12-31,2019-03-31,2019-06-30,,0.375,0.063,0.048,0.200,0.092,0.246,0.051,0.907,5.063,-0.663,1.870,4.795,10.286,0.906,5.27%,GM
005073,12369,2018-12-31,2019-03-31,2019-07-31,,0.392,0.063,0.048,0.200,0.092,0.246,0.051,0.907,5.063,-0.663,1.870,4.795,10.286,0.906,5.04%,GM
005073,12369,2018-12-31,2019-06-30,2019-08-31,,0.365,0.063,0.054,0.208,0.095,0.237,0.055,0.902,4.944,-0.612,1.819,4.639,10.874,0.927,5.48%,GM
005073,12369,2018-12-31,2019-06-30,2019-09-30,,0.369,0.063,0.054,0.208,0.095,0.237,0.055,0.902,4.944,-0.612,1.819,4.639,10.874,0.927,5.37%,GM
005073,12369,2018-12-31,2019-06-30,2019-10-31,,0.366,0.063,0.054,0.208,0.095,0.237,0.055,0.902,4.944,-0.612,1.819,4.639,10.874,0.927,5.41%,GM
005073,12369,2018-12-31,2019-09-30,2019-11-30,,0.355,0.062,0.058,0.211,0.095,0.222,0.057,0.896,4.865,-0.321,1.744,4.446,10.915,0.944,5.59%,GM
005073,12369,2018-12-31,2019-09-30,2019-12-31,,0.361,0.062,0.058,0.211,0.095,0.222,0.057,0.896,4.865,-0.321,1.744,4.446,10.915,0.944,5.47%,GM
005073,12369,2018-12-31,2019-09-30,2020-01-31,,0.329,0.062,0.058,0.211,0.095,0.222,0.057,0.896,4.865,-0.321,1.744,4.446,10.915,0.944,6.00%,GM
005073,12369,2019-12-31,2019-12-31,2020-02-29,,0.318,0.049,0.070,0.225,0.098,0.164,0.066,0.926,4.677,-0.597,1.574,4.357,2.164,0.883,6.57%,GM
005073,12369,2019-12-31,2019-12-31,2020-03-31,,0.216,0.049,0.070,0.225,0.098,0.164,0.066,0.926,4.677,-0.597,1.574,4.357,2.164,0.883,9.81%,GM
005073,12369,2019-12-31,2019-12-31,2020-04-30,,0.233,0.049,0.070,0.225,0.098,0.164,0.066,0.926,4.677,-0.597,1.574,4.357,2.164,0.883,,GM
005073,12369,2019-12-31,2020-03-31,2020-05-31,7.914,0.274,0.036,0.044,0.199,0.080,0.114,0.040,0.927,5.988,-0.392,1.725,4.453,7.428,0.970,,GM
005073,12369,2019-12-31,2020-03-31,2020-06-30,7.737,0.268,0.036,0.044,0.199,0.080,0.114,0.040,0.927,5.988,-0.392,1.725,4.453,7.428,0.970,,GM
005073,12369,2019-12-31,2020-03-31,2020-07-31,7.612,0.264,0.036,0.044,0.199,0.080,0.114,0.040,0.927,5.988,-0.392,1.725,4.453,7.428,0.970,,GM
005073,12369,2019-12-31,2020-06-30,2020-08-31,28.219,0.366,0.015,0.020,0.195,0.064,0.040,0.015,0.949,7.771,-1.362,1.845,4.592,2.559,1.007,,GM
005073,12369,2019-12-31,2020-06-30,2020-09-30,28.181,0.366,0.015,0.020,0.195,0.064,0.040,0.015,0.949,7.771,-1.362,1.845,4.592,2.559,1.007,,GM
005073,12369,2019-12-31,2020-06-30,2020-10-31,32.886,0.427,0.015,0.020,0.195,0.064,0.040,0.015,0.949,7.771,-1.362,1.845,4.592,2.559,1.007,,GM
005073,12369,2019-12-31,2020-09-30,2020-11-30,19.571,0.542,0.029,0.037,0.207,0.071,0.081,0.027,0.954,7.136,-0.521,1.932,4.680,4.142,1.044,,GM
005073,12369,2019-12-31,2020-09-30,2020-12-31,18.589,0.515,0.029,0.037,0.207,0.071,0.081,0.027,0.954,7.136,-0.521,1.932,4.680,4.142,1.044,,GM
005073,12369,2019-12-31,2020-09-30,2021-01-31,22.625,0.626,0.029,0.037,0.207,0.071,0.081,0.027,0.954,7.136,-0.521,1.932,4.680,4.142,1.044,,GM
005073,12369,2020-12-31,2020-12-31,2021-02-28,11.855,0.604,0.052,0.084,0.245,0.099,0.146,0.068,0.898,4.832,-0.232,1.619,4.120,2.502,1.013,,GM
005073,12369,2020-12-31,2020-12-31,2021-03-31,13.270,0.676,0.052,0.084,0.245,0.099,0.146,0.068,0.898,4.832,-0.232,1.619,4.120,2.502,1.013,,GM
005073,12369,2020-12-31,2020-12-31,2021-04-30,13.215,0.673,0.052,0.084,0.245,0.099,0.146,0.068,0.898,4.832,-0.232,1.619,4.120,2.502,1.013,,GM
005073,12369,2020-12-31,2021-03-31,2021-05-31,9.597,0.704,0.075,0.077,0.236,0.091,0.217,0.058,0.908,5.362,-0.378,1.822,4.290,8.153,1.079,,GM
005073,12369,2020-12-31,2021-03-31,2021-06-30,9.574,0.702,0.075,0.077,0.236,0.091,0.217,0.058,0.908,5.362,-0.378,1.822,4.290,8.153,1.079,,GM
005073,12369,2020-12-31,2021-03-31,2021-07-31,9.197,0.674,0.075,0.077,0.236,0.091,0.217,0.058,0.908,5.362,-0.378,1.822,4.290,8.153,1.079,,GM
005073,12369,2020-12-31,2021-06-30,2021-08-31,5.672,0.510,0.091,0.103,0.245,0.112,0.289,0.089,0.870,4.267,-0.026,1.648,3.955,13.089,1.074,,GM
005073,12369,2020-12-31,2021-06-30,2021-09-30,6.101,0.548,0.091,0.103,0.245,0.112,0.289,0.089,0.870,4.267,-0.026,1.648,3.955,13.089,1.074,,GM
005073,12369,2020-12-31,2021-06-30,2021-10-31,6.300,0.566,0.091,0.103,0.245,0.112,0.289,0.089,0.870,4.267,-0.026,1.648,3.955,13.089,1.074,,GM
005073,12369,2020-12-31,2021-09-30,2021-11-30,7.737,0.642,0.085,0.084,0.238,0.097,0.235,0.069,0.846,4.796,-0.841,1.520,3.673,11.050,1.067,,GM
005073,12369,2020-12-31,2021-09-30,2021-12-31,7.838,0.650,0.085,0.084,0.238,0.097,0.235,0.069,0.846,4.796,-0.841,1.520,3.673,11.050,1.067,,GM
005073,12369,2020-12-31,2021-09-30,2022-01-31,7.049,0.585,0.085,0.084,0.238,0.097,0.235,0.069,0.846,4.796,-0.841,1.520,3.673,11.050,1.067,,GM
005073,12369,2021-12-31,2021-12-31,2022-02-28,6.973,0.535,0.079,0.099,0.259,0.103,0.189,0.077,0.776,4.490,-0.456,1.266,2.994,3.599,1.103,,GM
005073,12369,2021-12-31,2021-12-31,2022-03-31,6.528,0.500,0.079,0.099,0.259,0.103,0.189,0.077,0.776,4.490,-0.456,1.266,2.994,3.599,1.103,,GM
005073,12369,2021-12-31,2021-12-31,2022-04-30,5.658,0.434,0.079,0.099,0.259,0.103,0.189,0.077,0.776,4.490,-0.456,1.266,2.994,3.599,1.103,,GM
005073,12369,2021-12-31,2022-03-31,2022-05-31,6.415,0.432,0.076,0.077,0.235,0.091,0.185,0.061,0.793,5.040,-0.234,1.340,3.187,10.812,1.101,,GM
005073,12369,2021-12-31,2022-03-31,2022-06-30,5.267,0.355,0.076,0.077,0.235,0.091,0.185,0.061,0.793,5.040,-0.234,1.340,3.187,10.812,1.101,,GM
005073,12369,2021-12-31,2022-03-31,2022-07-31,6.013,0.405,0.076,0.077,0.235,0.091,0.185,0.061,0.793,5.040,-0.234,1.340,3.187,10.812,1.101,,GM
005073,12369,2021-12-31,2022-06-30,2022-08-31,,0.422,0.067,0.063,0.220,0.082,0.154,0.050,0.776,5.485,-0.439,1.273,3.029,9.091,1.112,1.23%,GM
005073,12369,2021-12-31,2022-06-30,2022-09-30,,0.354,0.067,0.063,0.220,0.082,0.154,0.050,0.776,5.485,-0.439,1.273,3.029,9.091,1.112,1.47%,GM
005073,12369,2021-12-31,2022-06-30,2022-10-31,,0.422,0.067,0.063,0.220,0.082,0.154,0.050,0.776,5.485,-0.439,1.273,3.029,9.091,1.112,1.20%,GM
005073,12369,2021-12-31,2022-09-30,2022-11-30,,0.391,0.066,0.072,0.213,0.089,0.161,0.062,0.764,5.044,0.066,1.227,2.944,11.131,1.127,1.16%,GM
005073,12369,2021-12-31,2022-09-30,2022-12-31,,0.325,0.066,0.072,0.213,0.089,0.161,0.062,0.764,5.044,0.066,1.227,2.944,11.131,1.127,1.44%,GM
005073,12369,2021-12-31,2022-09-30,2023-01-31,,0.379,0.066,0.072,0.213,0.089,0.161,0.062,0.764,5.044,0.066,1.227,2.944,11.131,1.127,1.23%,GM
005073,12369,2022-12-31,2022-12-31,2023-02-28,,0.345,0.063,0.094,0.229,0.102,0.154,0.083,0.777,4.458,-0.321,1.122,2.829,3.817,1.102,1.25%,GM
005073,12369,2022-12-31,2022-12-31,2023-03-31,,0.326,0.063,0.094,0.229,0.102,0.154,0.083,0.777,4.458,-0.321,1.122,2.829,3.817,1.102,1.33%,GM
005073,12369,2022-12-31,2022-12-31,2023-04-30,,0.293,0.063,0.094,0.229,0.102,0.154,0.083,0.777,4.458,-0.321,1.122,2.829,3.817,1.102,1.48%,GM
005073,12369,2022-12-31,2023-03-31,2023-05-31,,0.280,0.058,0.076,0.207,0.091,0.145,0.069,0.762,4.848,-0.299,1.158,2.849,12.244,1.121,1.51%,GM
005073,12369,2022-12-31,2023-03-31,2023-06-30,,0.333,0.058,0.076,0.207,0.091,0.145,0.069,0.762,4.848,-0.299,1.158,2.849,12.244,1.121,1.26%,GM
005073,12369,2022-12-31,2023-03-31,2023-07-31,,0.328,0.058,0.076,0.207,0.091,0.145,0.069,0.762,4.848,-0.299,1.158,2.849,12.244,1.121,1.26%,GM
005073,12369,2022-12-31,2023-06-30,2023-08-31,,0.272,0.060,0.077,0.202,0.093,0.153,0.072,0.761,4.740,-0.055,1.138,2.823,13.196,1.123,1.45%,GM
005073,12369,2022-12-31,2023-06-30,2023-09-30,,0.267,0.060,0.077,0.202,0.093,0.153,0.072,0.761,4.740,-0.055,1.138,2.823,13.196,1.123,1.48%,GM
005073,12369,2022-12-31,2023-06-30,2023-10-31,,0.228,0.060,0.077,0.202,0.093,0.153,0.072,0.761,4.740,-0.055,1.138,2.823,13.196,1.123,1.72%,GM
005073,12369,2022-12-31,2023-09-30,2023-11-30,,0.252,0.058,0.074,0.197,0.091,0.146,0.069,0.757,4.812,-0.035,1.110,2.774,13.344,1.124,1.55%,GM
005073,12369,2022-12-31,2023-09-30,2023-12-31,,0.286,0.058,0.074,0.197,0.091,0.146,0.069,0.757,4.812,-0.035,1.110,2.774,13.344,1.124,1.36%,GM
005073,12369,2022-12-31,2023-09-30,2024-01-31,,0.260,0.058,0.074,0.197,0.091,0.146,0.069,0.757,4.812,-0.035,1.110,2.774,13.344,1.124,1.26%,GM
005073,12369,2023-12-31,2023-12-31,2024-02-29,,0.275,0.059,0.092,0.213,0.103,0.152,0.085,0.809,4.456,-0.176,1.288,3.185,2.832,1.076,1.59%,GM
005073,12369,2023-12-31,2023-12-31,2024-03-31,,0.305,0.059,0.092,0.213,0.103,0.152,0.085,0.809,4.456,-0.176,1.288,3.185,2.832,1.076,1.44%,GM
005073,12369,2023-12-31,2023-12-31,2024-04-30,,0.296,0.059,0.092,0.213,0.103,0.152,0.085,0.809,4.456,-0.176,1.288,3.185,2.832,1.076,1.46%,GM
005073,12369,2023-12-31,2024-03-31,2024-05-31,,0.294,0.061,0.065,0.183,0.084,0.152,0.061,0.771,5.202,-0.202,1.194,2.937,12.771,1.133,1.45%,GM
005073,12369,2023-12-31,2024-03-31,2024-06-30,,0.303,0.061,0.065,0.183,0.084,0.152,0.061,0.771,5.202,-0.202,1.194,2.937,12.771,1.133,1.42%,GM
005073,12369,2023-12-31,2024-03-31,2024-07-31,,0.285,0.061,0.065,0.183,0.084,0.152,0.061,0.771,5.202,-0.202,1.194,2.937,12.771,1.133,1.49%,GM
005073,12369,2023-12-31,2024-06-30,2024-08-31,,0.314,0.062,0.074,0.189,0.090,0.160,0.069,0.781,4.946,-0.338,1.232,3.010,14.977,1.139,1.33%,GM
005073,12369,2023-12-31,2024-06-30,2024-09-30,,0.283,0.062,0.074,0.189,0.090,0.160,0.069,0.781,4.946,-0.338,1.232,3.010,14.977,1.139,1.45%,GM
005073,12369,2023-12-31,2024-06-30,2024-10-31,,0.313,0.062,0.074,0.189,0.090,0.160,0.069,0.781,4.946,-0.338,1.232,3.010,14.977,1.139,1.28%,GM
005073,12369,2023-12-31,2024-09-30,2024-11-30,,0.335,0.061,0.077,0.190,0.092,0.161,0.074,0.787,4.877,-0.320,1.291,3.095,16.474,1.155,1.17%,GM
005073,12369,2023-12-31,2024-09-30,2024-12-31,,0.321,0.061,0.077,0.190,0.092,0.161,0.074,0.787,4.877,-0.320,1.291,3.095,16.474,1.155,1.28%,GM
036756,19751,,2020-09-30,2020-11-30,,,,,,,,,,,,,,,,,CCIV
036756,19751,,2020-09-30,2020-12-31,,,,,,,,,,,,,,,,,CCIV
036756,19751,,2020-09-30,2021-01-31,,,,,,,,,,,,,,,,,CCIV
036756,19751,2020-12-31,2020-12-31,2021-02-28,,,,,,,,,0.000,,,0.000,0.116,,0.021,,CCIV
036756,19751,2020-12-31,2020-12-31,2021-03-31,,,,,,,,,0.000,,,0.000,0.116,,0.021,,CCIV
036756,19751,2020-12-31,2020-12-31,2021-04-30,,,,,,,,,0.000,,,0.000,0.116,,0.021,,CCIV
036756,19751,2020-12-31,2021-03-31,2021-05-31,,,,,,,-0.744,,0.000,,,0.000,0.284,,0.044,,CCIV
036756,19751,2020-12-31,2021-03-31,2021-06-30,,,,,,,-0.744,,0.000,,,0.000,0.284,,0.044,,CCIV
036756,19751,2020-12-31,2021-03-31,2021-07-31,,,,,,,-0.744,,0.000,,,0.000,0.284,,0.044,,CCIV
036756,19751,2020-12-31,2021-03-31,2021-08-31,,,,,,,-0.744,,0.000,,,0.000,0.284,,0.044,,CCIV
039337,19751,,2021-06-30,2021-09-30,,,,,,,,,,,,,,,,,CCIV
039337,19751,,2021-06-30,2021-10-31,,,,,,,,,,,,,,,,,CCIV
039337,19751,,2021-09-30,2021-11-30,,,,,,,,,,,,,,,,,LCID
039337,19751,,2021-09-30,2021-12-31,,,,,,,,,,,,,,,,,LCID
039337,19751,,2021-09-30,2022-01-31,,,,,,,,,,,,,,,,,LCID
039337,19751,2021-12-31,2021-12-31,2022-02-28,-4.521,677.109,-95.156,-56.451,-2.393,,,,0.363,-1.505,,0.557,1.016,-1113.9,16.428,,LCID
039337,19751,2021-12-31,2021-12-31,2022-03-31,-3.963,711.030,-95.156,-56.451,-2.393,,,,0.363,-1.505,,0.557,1.016,-1113.9,16.428,,LCID
039337,19751,2021-12-31,2021-12-31,2022-04-30,-2.821,599.625,-95.156,-56.451,-2.393,,,,0.363,-1.505,,0.557,1.016,-1113.9,16.428,,LCID
039337,19751,2021-12-31,2022-03-31,2022-05-31,-2.452,398.435,-22.647,-21.654,-15.670,-0.247,,-0.327,0.270,-0.891,,0.360,0.702,-201.27,14.742,,LCID
039337,19751,2021-12-31,2022-03-31,2022-06-30,-2.085,339.764,-22.647,-21.654,-15.670,-0.247,,-0.327,0.270,-0.891,,0.360,0.702,-201.27,14.742,,LCID
039337,19751,2021-12-31,2022-03-31,2022-07-31,-2.217,361.402,-22.647,-21.654,-15.670,-0.247,,-0.327,0.270,-0.891,,0.360,0.702,-201.27,14.742,,LCID
039337,19751,2021-12-31,2022-06-30,2022-08-31,-8.716,141.701,-10.305,-11.779,-6.795,-0.281,-0.323,-0.373,0.298,-0.855,,0.414,0.752,-126.24,12.189,,LCID
039337,19751,2021-12-31,2022-06-30,2022-09-30,-7.938,129.224,-10.305,-11.779,-6.795,-0.281,-0.323,-0.373,0.298,-0.855,,0.414,0.752,-126.24,12.189,,LCID
039337,19751,2021-12-31,2022-06-30,2022-10-31,-8.119,132.184,-10.305,-11.779,-6.795,-0.281,-0.323,-0.373,0.298,-0.855,,0.414,0.752,-126.24,12.189,,LCID
039337,19751,2021-12-31,2022-09-30,2022-11-30,-5.861,45.215,-4.982,-6.182,-2.649,-0.303,-0.461,-0.402,0.382,-1.040,,0.605,0.996,-91.070,9.004,,LCID
039337,19751,2021-12-31,2022-09-30,2022-12-31,-3.948,33.153,-4.982,-6.182,-2.649,-0.303,-0.461,-0.402,0.382,-1.040,,0.605,0.996,-91.070,9.004,,LCID
039337,19751,2021-12-31,2022-09-30,2023-01-31,-6.757,56.744,-4.982,-6.182,-2.649,-0.303,-0.461,-0.402,0.382,-1.040,,0.605,0.996,-91.070,9.004,,LCID
039337,19751,2022-12-31,2022-12-31,2023-02-28,-6.046,27.479,-2.145,-4.265,-1.400,-0.305,-0.593,-0.405,0.352,-0.976,,0.533,0.811,-77.907,5.239,,LCID
039337,19751,2022-12-31,2022-12-31,2023-03-31,-5.325,24.237,-2.145,-4.265,-1.400,-0.305,-0.593,-0.405,0.352,-0.976,,0.533,0.811,-77.907,5.239,,LCID
039337,19751,2022-12-31,2022-12-31,2023-04-30,-5.258,23.935,-2.145,-4.265,-1.400,-0.305,-0.593,-0.405,0.352,-0.976,,0.533,0.811,-77.907,5.239,,LCID
039337,19751,2022-12-31,2023-03-31,2023-05-31,-5.389,20.336,-2.861,-3.923,-1.432,-0.348,-0.530,-0.453,0.385,-0.910,,0.613,0.954,-79.632,5.290,,LCID
039337,19751,2022-12-31,2023-03-31,2023-06-30,-4.785,22.466,-2.861,-3.923,-1.432,-0.348,-0.530,-0.453,0.385,-0.910,,0.613,0.954,-79.632,5.290,,LCID
039337,19751,2022-12-31,2023-03-31,2023-07-31,-5.285,24.814,-2.861,-3.923,-1.432,-0.348,-0.530,-0.453,0.385,-0.910,,0.613,0.954,-79.632,5.290,,LCID
039337,19751,2022-12-31,2023-06-30,2023-08-31,-4.187,19.025,-3.380,-4.012,-1.592,-0.386,-0.683,-0.500,0.356,-0.836,,0.539,0.831,-85.191,5.308,,LCID
039337,19751,2022-12-31,2023-06-30,2023-09-30,-3.727,16.984,-3.380,-4.012,-1.592,-0.386,-0.683,-0.500,0.356,-0.836,,0.539,0.831,-85.191,5.308,,LCID
039337,19751,2022-12-31,2023-06-30,2023-10-31,-2.747,12.518,-3.380,-4.012,-1.592,-0.386,-0.683,-0.500,0.356,-0.836,,0.539,0.831,-85.191,5.308,,LCID
039337,19751,2022-12-31,2023-09-30,2023-11-30,-3.103,13.885,-3.805,-4.438,-1.759,-0.365,-0.617,-0.465,0.331,-0.826,,0.479,0.731,-85.507,5.336,,LCID
039337,19751,2022-12-31,2023-09-30,2023-12-31,-3.096,13.911,-3.805,-4.438,-1.759,-0.365,-0.617,-0.465,0.331,-0.826,,0.479,0.731,-85.507,5.336,,LCID
039337,19751,2022-12-31,2023-09-30,2024-01-31,-2.485,11.169,-3.805,-4.438,-1.759,-0.365,-0.617,-0.465,0.331,-0.826,,0.479,0.731,-85.507,5.336,,LCID
039337,19751,2023-12-31,2023-12-31,2024-02-29,-2.426,12.746,-4.751,-5.166,-1.860,-0.347,-0.615,-0.440,0.339,-0.854,,0.478,0.755,-82.408,4.717,,LCID
039337,19751,2023-12-31,2023-12-31,2024-03-31,-2.096,11.045,-4.751,-5.166,-1.860,-0.347,-0.615,-0.440,0.339,-0.854,,0.478,0.755,-82.408,4.717,,LCID
039337,19751,2023-12-31,2023-12-31,2024-04-30,-1.875,9.883,-4.751,-5.166,-1.860,-0.347,-0.615,-0.440,0.339,-0.854,,0.478,0.755,-82.408,4.717,,LCID
039337,19751,2023-12-31,2024-03-31,2024-05-31,-2.236,10.593,-4.413,-4.939,-1.567,-0.328,-0.550,-0.416,0.318,-0.858,,0.454,0.707,-85.087,5.352,,LCID
039337,19751,2023-12-31,2024-03-31,2024-06-30,-2.055,9.783,-4.413,-4.939,-1.567,-0.328,-0.550,-0.416,0.318,-0.858,,0.454,0.707,-85.087,5.352,,LCID
039337,19751,2023-12-31,2024-03-31,2024-07-31,-2.772,13.195,-4.413,-4.939,-1.567,-0.328,-0.550,-0.416,0.318,-0.858,,0.454,0.707,-85.087,5.352,,LCID
039337,19751,2023-12-31,2024-06-30,2024-08-31,-3.322,13.949,-3.904,-4.469,-1.232,-0.305,-0.510,-0.397,0.340,-0.888,,0.514,0.804,-88.639,4.637,,LCID
039337,19751,2023-12-31,2024-06-30,2024-09-30,-2.917,12.347,-3.904,-4.469,-1.232,-0.305,-0.510,-0.397,0.340,-0.888,,0.514,0.804,-88.639,4.637,,LCID
039337,19751,2023-12-31,2024-06-30,2024-10-31,-1.826,7.730,-3.904,-4.469,-1.232,-0.305,-0.510,-0.397,0.340,-0.888,,0.514,0.804,-88.639,4.637,,LCID
039337,19751,2023-12-31,2024-09-30,2024-11-30,-1.627,8.988,-4.066,-4.113,-0.952,-0.316,-0.660,-0.434,0.361,-0.885,,0.606,0.950,-91.518,4.245,,LCID
039337,19751,2023-12-31,2024-09-30,2024-12-31,-2.254,12.451,-4.066,-4.113,-0.952,-0.316,-0.660,-0.434,0.361,-0.885,,0.606,0.950,-91.518,4.245,,LCID
039811,22265,2020-12-31,2021-09-30,2022-01-31,-22.361,955.508,-2580.0,-2119.0,,-0.365,,1.247,0.207,-0.584,,,0.433,-235.44,4.933,,
039811,22265,2021-12-31,2021-12-31,2022-02-28,-12.628,677.109,-85.236,-64.673,-6.564,-0.250,,-0.359,0.071,-0.443,,0.074,0.142,-122.66,14.135,,RIVN
039811,22265,2021-12-31,2021-12-31,2022-03-31,-9.391,711.030,-85.236,-64.673,-6.564,-0.250,,-0.359,0.071,-0.443,,0.074,0.142,-122.66,14.135,,RIVN
039811,22265,2021-12-31,2021-12-31,2022-04-30,-5.652,490.896,-85.236,-64.673,-6.564,-0.250,,-0.359,0.071,-0.443,,0.074,0.142,-122.66,14.135,,RIVN
039811,22265,2021-12-31,2022-03-31,2022-05-31,-4.729,186.900,-39.113,-31.507,-6.564,-0.356,-0.082,-0.771,0.120,-0.366,,0.077,0.231,-102.74,9.528,,RIVN
039811,22265,2021-12-31,2022-03-31,2022-06-30,-3.877,155.813,-39.113,-31.507,-6.564,-0.356,-0.082,-0.771,0.120,-0.366,,0.077,0.231,-102.74,9.528,,RIVN
039811,22265,2021-12-31,2022-03-31,2022-07-31,-5.166,207.713,-39.113,-31.507,-6.564,-0.356,-0.082,-0.771,0.120,-0.366,,0.077,0.231,-102.74,9.528,,RIVN
039811,22265,2021-12-31,2022-06-30,2022-08-31,-4.156,57.807,-13.617,-11.389,-6.623,-0.370,-0.174,-0.955,0.141,-0.432,,0.081,0.226,-84.841,10.055,,RIVN
039811,22265,2021-12-31,2022-06-30,2022-09-30,-4.182,58.457,-13.617,-11.389,-6.623,-0.370,-0.174,-0.955,0.141,-0.432,,0.081,0.226,-84.841,10.055,,RIVN
039811,22265,2021-12-31,2022-06-30,2022-10-31,-4.443,62.125,-13.617,-11.389,-6.623,-0.370,-0.174,-0.955,0.141,-0.432,,0.081,0.226,-84.841,10.055,,RIVN
039811,22265,2021-12-31,2022-09-30,2022-11-30,-3.842,27.890,-7.140,-6.532,-3.310,-0.348,-0.276,-0.666,0.079,-0.237,,0.085,0.183,-74.478,9.817,,RIVN
039811,22265,2021-12-31,2022-09-30,2022-12-31,-2.210,15.812,-7.140,-6.532,-3.310,-0.348,-0.276,-0.666,0.079,-0.237,,0.085,0.183,-74.478,9.817,,RIVN
039811,22265,2021-12-31,2022-09-30,2023-01-31,-2.326,16.644,-7.140,-6.532,-3.310,-0.348,-0.276,-0.666,0.079,-0.237,,0.085,0.183,-74.478,9.817,,RIVN
039811,22265,2022-12-31,2022-12-31,2023-02-28,-2.608,10.701,-4.072,-4.135,-1.597,-0.309,-0.838,-0.377,0.105,-0.260,,0.112,0.295,-66.563,5.417,,RIVN
039811,22265,2022-12-31,2022-12-31,2023-03-31,-2.092,8.692,-4.072,-4.135,-1.597,-0.309,-0.838,-0.377,0.105,-0.260,,0.112,0.295,-66.563,5.417,,RIVN
039811,22265,2022-12-31,2022-12-31,2023-04-30,-1.732,7.203,-4.072,-4.135,-1.597,-0.309,-0.838,-0.377,0.105,-0.260,,0.112,0.295,-66.563,5.417,,RIVN
039811,22265,2022-12-31,2023-03-31,2023-05-31,-2.078,6.170,-2.926,-3.017,-1.183,-0.306,-0.405,-0.435,0.097,-0.269,,0.129,0.281,-56.387,6.620,,RIVN
039811,22265,2022-12-31,2023-03-31,2023-06-30,-2.350,7.044,-2.926,-3.017,-1.183,-0.306,-0.405,-0.435,0.097,-0.269,,0.129,0.281,-56.387,6.620,,RIVN
039811,22265,2022-12-31,2023-03-31,2023-07-31,-3.898,11.686,-2.926,-3.017,-1.183,-0.306,-0.405,-0.435,0.097,-0.269,,0.129,0.281,-56.387,6.620,,RIVN
039811,22265,2022-12-31,2023-06-30,2023-08-31,-3.513,7.170,-2.010,-2.102,-0.767,-0.291,-0.408,-0.407,0.103,-0.294,,0.170,0.349,-42.060,5.924,,RIVN
039811,22265,2022-12-31,2023-06-30,2023-09-30,-3.753,7.721,-2.010,-2.102,-0.767,-0.291,-0.408,-0.407,0.103,-0.294,,0.170,0.349,-42.060,5.924,,RIVN
039811,22265,2022-12-31,2023-06-30,2023-10-31,-2.507,5.168,-2.010,-2.102,-0.767,-0.291,-0.408,-0.407,0.103,-0.294,,0.170,0.349,-42.060,5.924,,RIVN
039811,22265,2022-12-31,2023-09-30,2023-11-30,-2.784,4.209,-1.490,-1.565,-0.470,-0.279,-0.421,-0.384,0.108,-0.319,,0.218,0.429,-32.878,5.362,,RIVN
039811,22265,2022-12-31,2023-09-30,2023-12-31,-3.897,5.744,-1.490,-1.565,-0.470,-0.279,-0.421,-0.384,0.108,-0.319,,0.218,0.429,-32.878,5.362,,RIVN
039811,22265,2022-12-31,2023-09-30,2024-01-31,-2.543,3.749,-1.490,-1.565,-0.470,-0.279,-0.421,-0.384,0.108,-0.319,,0.218,0.429,-32.878,5.362,,RIVN
039811,22265,2023-12-31,2023-12-31,2024-02-29,-1.972,2.475,-1.225,-1.273,-0.287,-0.272,-0.474,-0.383,0.352,-1.045,,0.528,0.835,-25.655,4.951,,RIVN
039811,22265,2023-12-31,2023-12-31,2024-03-31,-1.908,2.455,-1.225,-1.273,-0.287,-0.272,-0.474,-0.383,0.352,-1.045,,0.528,0.835,-25.655,4.951,,RIVN
039811,22265,2023-12-31,2023-12-31,2024-04-30,-1.551,1.982,-1.225,-1.273,-0.287,-0.272,-0.474,-0.383,0.352,-1.045,,0.528,0.835,-25.655,4.951,,RIVN
039811,22265,2023-12-31,2024-03-31,2024-05-31,-1.893,2.167,-1.111,-1.110,-0.204,-0.262,-0.501,-0.393,0.357,-1.094,,0.397,0.677,-21.494,4.964,,RIVN
039811,22265,2023-12-31,2024-03-31,2024-06-30,-2.326,2.696,-1.111,-1.110,-0.204,-0.262,-0.501,-0.393,0.357,-1.094,,0.397,0.677,-21.494,4.964,,RIVN
039811,22265,2023-12-31,2024-03-31,2024-07-31,-2.844,3.299,-1.111,-1.110,-0.204,-0.262,-0.501,-0.393,0.357,-1.094,,0.397,0.677,-21.494,4.964,,RIVN
039811,22265,2023-12-31,2024-06-30,2024-08-31,-2.375,2.819,-1.155,-1.113,-0.195,-0.272,-0.587,-0.397,0.371,-1.093,,0.536,0.860,-20.068,4.862,,RIVN
039811,22265,2023-12-31,2024-06-30,2024-09-30,-1.886,2.285,-1.155,-1.113,-0.195,-0.272,-0.587,-0.397,0.371,-1.093,,0.536,0.860,-20.068,4.862,,RIVN
039811,22265,2023-12-31,2024-06-30,2024-10-31,-1.697,2.040,-1.155,-1.113,-0.195,-0.272,-0.587,-0.397,0.371,-1.093,,0.536,0.860,-20.068,4.862,,RIVN
039811,22265,2023-12-31,2024-09-30,2024-11-30,-2.188,2.722,-1.214,-1.169,-0.196,-0.264,-0.639,-0.378,0.384,-1.161,,0.712,1.076,-17.165,4.987,,RIVN
039811,22265,2023-12-31,2024-09-30,2024-12-31,-2.379,2.960,-1.214,-1.169,-0.196,-0.264,-0.639,-0.378,0.384,-1.161,,0.712,1.076,-17.165,4.987,,RIVN
004839,25785,2008-12-31,2009-09-30,2010-01-31,-5.705,0.318,-0.038,-0.014,0.219,0.062,,-0.012,1.920,10.612,0.555,,-16.095,-0.201,,,F
004839,25785,2009-12-31,2009-12-31,2010-02-28,13.651,0.327,0.023,0.034,0.190,0.059,,0.031,1.604,10.927,0.704,,-25.750,0.586,,,F
004839,25785,2009-12-31,2009-12-31,2010-03-31,14.616,0.355,0.023,0.034,0.190,0.059,,0.031,1.604,10.927,0.704,,-25.750,0.586,,,F
004839,25785,2009-12-31,2009-12-31,2010-04-30,15.140,0.366,0.023,0.034,0.190,0.059,,0.031,1.604,10.927,0.704,,-25.750,0.586,,,F
004839,25785,2009-12-31,2010-03-31,2010-05-31,6.780,0.317,0.050,0.064,0.199,0.074,,0.063,1.728,8.943,0.707,,-25.028,1.195,,,F
004839,25785,2009-12-31,2010-03-31,2010-06-30,5.827,0.272,0.050,0.064,0.199,0.074,,0.063,1.728,8.943,0.707,,-25.028,1.195,,,F
004839,25785,2009-12-31,2010-03-31,2010-07-31,7.382,0.345,0.050,0.064,0.199,0.074,,0.063,1.728,8.943,0.707,,-25.028,1.195,,,F
004839,25785,2009-12-31,2010-06-30,2010-08-31,6.881,0.289,0.050,0.092,0.216,0.094,,0.098,1.674,6.886,0.670,,-31.022,1.862,,,F
004839,25785,2009-12-31,2010-06-30,2010-09-30,7.463,0.313,0.050,0.092,0.216,0.094,,0.098,1.674,6.886,0.670,,-31.022,1.862,,,F
004839,25785,2009-12-31,2010-06-30,2010-10-31,8.616,0.365,0.050,0.092,0.216,0.094,,0.098,1.674,6.886,0.670,,-31.022,1.862,,,F
004839,25785,2009-12-31,2010-09-30,2010-11-30,8.570,0.413,0.055,0.098,0.216,0.097,,0.106,1.624,6.651,0.614,,-40.815,2.016,,,F
004839,25785,2009-12-31,2010-09-30,2010-12-31,9.027,0.435,0.055,0.098,0.216,0.097,,0.106,1.624,6.651,0.614,,-40.815,2.016,,,F
004839,25785,2009-12-31,2010-09-30,2011-01-31,8.575,0.413,0.055,0.098,0.216,0.097,,0.106,1.624,6.651,0.614,,-40.815,2.016,,,F
004839,25785,2010-12-31,2010-12-31,2011-02-28,9.066,0.433,0.051,0.099,0.221,0.105,,0.112,1.686,5.529,0.643,,-245.66,2.082,,,F
004839,25785,2010-12-31,2010-12-31,2011-03-31,8.982,0.429,0.051,0.099,0.221,0.105,,0.112,1.686,5.529,0.643,,-245.66,2.082,,,F
004839,25785,2010-12-31,2010-12-31,2011-04-30,9.319,0.447,0.051,0.099,0.221,0.105,,0.112,1.686,5.529,0.643,,-245.66,2.082,,,F
004839,25785,2010-12-31,2011-03-31,2011-05-31,8.776,0.426,0.054,0.100,0.217,0.106,,0.115,1.625,5.836,0.650,32.542,-192.64,2.327,,,F
004839,25785,2010-12-31,2011-03-31,2011-06-30,8.112,0.394,0.054,0.100,0.217,0.106,,0.115,1.625,5.836,0.650,32.542,-192.64,2.327,,,F
004839,25785,2010-12-31,2011-03-31,2011-07-31,7.182,0.349,0.054,0.100,0.217,0.106,,0.115,1.625,5.836,0.650,32.542,-192.64,2.327,,,F
004839,25785,2010-12-31,2011-06-30,2011-08-31,6.619,0.317,0.052,0.093,0.208,0.103,-1.421,0.112,1.599,5.942,0.637,17.786,127.020,2.385,,,F
004839,25785,2010-12-31,2011-06-30,2011-09-30,5.756,0.275,0.052,0.093,0.208,0.103,-1.421,0.112,1.599,5.942,0.637,17.786,127.020,2.385,,,F
004839,25785,2010-12-31,2011-06-30,2011-10-31,6.952,0.333,0.052,0.093,0.208,0.103,-1.421,0.112,1.599,5.942,0.637,17.786,127.020,2.385,,,F
004839,25785,2010-12-31,2011-09-30,2011-11-30,6.347,0.295,0.051,0.087,0.201,0.101,-0.651,0.110,1.593,5.816,0.620,11.447,49.809,2.472,,,F
004839,25785,2010-12-31,2011-09-30,2011-12-31,6.443,0.299,0.051,0.087,0.201,0.101,-0.651,0.110,1.593,5.816,0.620,11.447,49.809,2.472,,,F
004839,25785,2010-12-31,2011-09-30,2012-01-31,7.437,0.345,0.051,0.087,0.201,0.101,-0.651,0.110,1.593,5.816,0.620,11.447,49.809,2.472,,1.61%,F
004839,25785,2011-12-31,2011-12-31,2012-02-29,2.506,0.339,0.148,0.083,0.194,0.098,,0.104,1.340,5.935,0.561,3.763,10.865,2.567,,1.62%,F
004839,25785,2011-12-31,2011-12-31,2012-03-31,2.525,0.341,0.148,0.083,0.194,0.098,,0.104,1.340,5.935,0.561,3.763,10.865,2.567,,1.60%,F
004839,25785,2011-12-31,2011-12-31,2012-04-30,2.283,0.310,0.148,0.083,0.194,0.098,,0.104,1.340,5.935,0.561,3.763,10.865,2.567,,1.77%,F
004839,25785,2011-12-31,2012-03-31,2012-05-31,2.223,0.292,0.141,0.076,0.189,0.094,2.301,0.098,1.407,6.186,0.524,5.070,15.100,2.429,,1.89%,F
004839,25785,2011-12-31,2012-03-31,2012-06-30,2.019,0.265,0.141,0.076,0.189,0.094,2.301,0.098,1.407,6.186,0.524,5.070,15.100,2.429,,2.09%,F
004839,25785,2011-12-31,2012-03-31,2012-07-31,1.945,0.255,0.141,0.076,0.189,0.094,2.301,0.098,1.407,6.186,0.524,5.070,15.100,2.429,,2.16%,F
004839,25785,2011-12-31,2012-06-30,2012-08-31,2.113,0.262,0.133,0.071,0.185,0.088,1.517,0.086,1.326,6.517,0.522,4.219,11.886,2.278,,2.14%,F
004839,25785,2011-12-31,2012-06-30,2012-09-30,2.231,0.277,0.133,0.071,0.185,0.088,1.517,0.086,1.326,6.517,0.522,4.219,11.886,2.278,,2.03%,F
004839,25785,2011-12-31,2012-06-30,2012-10-31,2.525,0.313,0.133,0.071,0.185,0.088,1.517,0.086,1.326,6.517,0.522,4.219,11.886,2.278,,1.79%,F
004839,25785,2011-12-31,2012-09-30,2012-11-30,2.590,0.324,0.134,0.071,0.187,0.087,1.227,0.083,1.242,6.545,0.481,3.635,9.751,2.350,,1.75%,F
004839,25785,2011-12-31,2012-09-30,2012-12-31,2.930,0.366,0.134,0.071,0.187,0.087,1.227,0.083,1.242,6.545,0.481,3.635,9.751,2.350,,1.54%,F
004839,25785,2011-12-31,2012-09-30,2013-01-31,2.930,0.366,0.134,0.071,0.187,0.087,1.227,0.083,1.242,6.545,0.481,3.635,9.751,2.350,,3.09%,F
004839,25785,2012-12-31,2012-12-31,2013-02-28,8.880,0.362,0.042,0.070,0.189,0.085,0.319,0.080,1.272,6.737,0.393,4.038,10.926,2.457,,3.17%,F
004839,25785,2012-12-31,2012-12-31,2013-03-31,9.261,0.378,0.042,0.070,0.189,0.085,0.319,0.080,1.272,6.737,0.393,4.038,10.926,2.457,,3.04%,F
004839,25785,2012-12-31,2012-12-31,2013-04-30,9.655,0.394,0.042,0.070,0.189,0.085,0.319,0.080,1.272,6.737,0.393,4.038,10.926,2.457,,2.92%,F
004839,25785,2012-12-31,2013-03-31,2013-05-31,10.667,0.443,0.043,0.065,0.179,0.077,0.333,0.074,1.224,7.234,0.181,3.720,9.780,2.367,,2.55%,F
004839,25785,2012-12-31,2013-03-31,2013-06-30,10.524,0.437,0.043,0.065,0.179,0.077,0.333,0.074,1.224,7.234,0.181,3.720,9.780,2.367,,2.59%,F
004839,25785,2012-12-31,2013-03-31,2013-07-31,11.483,0.478,0.043,0.065,0.179,0.077,0.333,0.074,1.224,7.234,0.181,3.720,9.780,2.367,,2.37%,F
004839,25785,2012-12-31,2013-06-30,2013-08-31,10.722,0.443,0.043,0.061,0.175,0.076,0.339,0.071,1.224,7.409,0.329,3.662,9.662,2.350,,2.47%,F
004839,25785,2012-12-31,2013-06-30,2013-09-30,11.172,0.461,0.043,0.061,0.175,0.076,0.339,0.071,1.224,7.409,0.329,3.662,9.662,2.350,,2.37%,F
004839,25785,2012-12-31,2013-06-30,2013-10-31,11.331,0.468,0.043,0.061,0.175,0.076,0.339,0.071,1.224,7.409,0.329,3.662,9.662,2.350,,2.34%,F
004839,25785,2012-12-31,2013-09-30,2013-11-30,12.028,0.456,0.039,0.059,0.173,0.075,0.309,0.069,1.228,7.531,0.330,3.654,9.649,2.324,,2.34%,F
004839,25785,2012-12-31,2013-09-30,2013-12-31,10.866,0.412,0.039,0.059,0.173,0.075,0.309,0.069,1.228,7.531,0.330,3.654,9.649,2.324,,2.59%,F
004839,25785,2012-12-31,2013-09-30,2014-01-31,10.535,0.399,0.039,0.059,0.173,0.075,0.309,0.069,1.228,7.531,0.330,3.654,9.649,2.324,,3.34%,F
004839,25785,2013-12-31,2013-12-31,2014-02-28,8.744,0.406,0.049,0.056,0.175,0.075,0.330,0.063,1.109,7.757,0.368,2.840,6.644,2.250,,3.25%,F
004839,25785,2013-12-31,2013-12-31,2014-03-31,8.864,0.412,0.049,0.056,0.175,0.075,0.330,0.063,1.109,7.757,0.368,2.840,6.644,2.250,,3.21%,F
004839,25785,2013-12-31,2013-12-31,2014-04-30,9.176,0.427,0.049,0.056,0.175,0.075,0.330,0.063,1.109,7.757,0.368,2.840,6.644,2.250,,3.10%,F
004839,25785,2013-12-31,2014-03-31,2014-05-31,10.340,0.434,0.044,0.049,0.170,0.070,0.303,0.055,1.151,8.061,0.468,3.115,7.673,1.980,,3.04%,F
004839,25785,2013-12-31,2014-03-31,2014-06-30,10.843,0.455,0.044,0.049,0.170,0.070,0.303,0.055,1.151,8.061,0.468,3.115,7.673,1.980,,2.90%,F
004839,25785,2013-12-31,2014-03-31,2014-07-31,10.704,0.440,0.044,0.049,0.170,0.070,0.303,0.055,1.151,8.061,0.468,3.115,7.673,1.980,,2.94%,F
004839,25785,2013-12-31,2014-06-30,2014-08-31,10.747,0.452,0.045,0.053,0.175,0.072,0.277,0.057,1.131,7.956,0.375,2.974,7.164,2.111,,2.87%,F
004839,25785,2013-12-31,2014-06-30,2014-09-30,9.130,0.384,0.045,0.053,0.175,0.072,0.277,0.057,1.131,7.956,0.375,2.974,7.164,2.111,,3.38%,F
004839,25785,2013-12-31,2014-06-30,2014-10-31,8.698,0.363,0.045,0.053,0.175,0.072,0.277,0.057,1.131,7.956,0.375,2.974,7.164,2.111,,3.55%,F
004839,25785,2013-12-31,2014-09-30,2014-11-30,10.349,0.408,0.042,0.044,0.169,0.066,0.240,0.046,1.120,8.720,0.427,2.877,6.801,1.796,,3.18%,F
004839,25785,2013-12-31,2014-09-30,2014-12-31,10.197,0.402,0.042,0.044,0.169,0.066,0.240,0.046,1.120,8.720,0.427,2.877,6.801,1.796,,3.23%,F
004839,25785,2013-12-31,2014-09-30,2015-01-31,9.678,0.381,0.042,0.044,0.169,0.066,0.240,0.046,1.120,8.720,0.427,2.877,6.801,1.796,,4.08%,F
004839,25785,2014-12-31,2014-12-31,2015-02-28,20.425,0.441,0.022,0.043,0.172,0.066,0.122,0.043,1.133,8.835,0.486,3.153,7.392,1.746,,3.67%,F
004839,25785,2014-12-31,2014-12-31,2015-03-31,20.175,0.437,0.022,0.043,0.172,0.066,0.122,0.043,1.133,8.835,0.486,3.153,7.392,1.746,,3.72%,F
004839,25785,2014-12-31,2014-12-31,2015-04-30,19.750,0.428,0.022,0.043,0.172,0.066,0.122,0.043,1.133,8.835,0.486,3.153,7.392,1.746,,3.80%,F
004839,25785,2014-12-31,2015-03-31,2015-05-31,18.277,0.417,0.024,0.046,0.179,0.068,0.125,0.046,1.129,8.481,0.473,3.062,7.177,1.913,,3.96%,F
004839,25785,2014-12-31,2015-03-31,2015-06-30,18.084,0.412,0.024,0.046,0.179,0.068,0.125,0.046,1.129,8.481,0.473,3.062,7.177,1.913,,4.00%,F
004839,25785,2014-12-31,2015-03-31,2015-07-31,17.867,0.407,0.024,0.046,0.179,0.068,0.125,0.046,1.129,8.481,0.473,3.062,7.177,1.913,,4.05%,F
004839,25785,2014-12-31,2015-06-30,2015-08-31,13.210,0.381,0.030,0.051,0.185,0.071,0.160,0.050,1.128,8.115,0.501,3.127,7.265,2.169,,4.33%,F
004839,25785,2014-12-31,2015-06-30,2015-09-30,12.924,0.373,0.030,0.051,0.185,0.071,0.160,0.050,1.128,8.115,0.501,3.127,7.265,2.169,,4.42%,F
004839,25785,2014-12-31,2015-06-30,2015-10-31,14.105,0.407,0.030,0.051,0.185,0.071,0.160,0.050,1.128,8.115,0.501,3.127,7.265,2.169,,4.05%,F
004839,25785,2014-12-31,2015-09-30,2015-11-30,10.309,0.385,0.038,0.064,0.196,0.081,0.213,0.064,1.119,7.172,0.538,3.170,7.263,2.857,,4.19%,F
004839,25785,2014-12-31,2015-09-30,2015-12-31,10.137,0.378,0.038,0.064,0.196,0.081,0.213,0.064,1.119,7.172,0.538,3.170,7.263,2.857,,4.26%,F
004839,25785,2014-12-31,2015-09-30,2016-01-31,8.590,0.321,0.038,0.064,0.196,0.081,0.213,0.064,1.119,7.172,0.538,3.170,7.263,2.857,,5.03%,F
004839,25785,2015-12-31,2015-12-31,2016-02-29,6.799,0.326,0.049,0.068,0.200,0.083,0.270,0.066,1.120,7.342,0.555,3.083,6.849,3.111,,4.80%,F
004839,25785,2015-12-31,2015-12-31,2016-03-31,7.337,0.353,0.049,0.068,0.200,0.083,0.270,0.066,1.120,7.342,0.555,3.083,6.849,3.111,,4.44%,F
004839,25785,2015-12-31,2015-12-31,2016-04-30,7.370,0.354,0.049,0.068,0.200,0.083,0.270,0.066,1.120,7.342,0.555,3.083,6.849,3.111,,4.42%,F
004839,25785,2015-12-31,2016-03-31,2016-05-31,6.217,0.343,0.057,0.074,0.206,0.085,0.317,0.074,1.122,7.088,0.613,3.102,7.008,3.434,,4.45%,F
004839,25785,2015-12-31,2016-03-31,2016-06-30,5.793,0.320,0.057,0.074,0.206,0.085,0.317,0.074,1.122,7.088,0.613,3.102,7.008,3.434,,4.77%,F
004839,25785,2015-12-31,2016-03-31,2016-07-31,5.834,0.322,0.057,0.074,0.206,0.085,0.317,0.074,1.122,7.088,0.613,3.102,7.008,3.434,,4.74%,F
004839,25785,2015-12-31,2016-06-30,2016-08-31,5.915,0.316,0.055,0.069,0.204,0.076,0.297,0.067,1.120,7.905,0.663,3.069,6.881,3.126,1.239,4.76%,F
004839,25785,2015-12-31,2016-06-30,2016-09-30,5.667,0.303,0.055,0.069,0.204,0.076,0.297,0.067,1.120,7.905,0.663,3.069,6.881,3.126,1.239,4.97%,F
004839,25785,2015-12-31,2016-06-30,2016-10-31,5.512,0.294,0.055,0.069,0.204,0.076,0.297,0.067,1.120,7.905,0.663,3.069,6.881,3.126,1.239,5.11%,F
004839,25785,2015-12-31,2016-09-30,2016-11-30,6.571,0.304,0.047,0.056,0.197,0.061,0.244,0.052,1.126,9.752,0.646,2.991,6.747,2.402,1.200,5.02%,F
004839,25785,2015-12-31,2016-09-30,2016-12-31,6.665,0.309,0.047,0.056,0.197,0.061,0.244,0.052,1.126,9.752,0.646,2.991,6.747,2.402,1.200,4.95%,F
004839,25785,2015-12-31,2016-09-30,2017-01-31,6.791,0.314,0.047,0.056,0.197,0.061,0.244,0.052,1.126,9.752,0.646,2.991,6.747,2.402,1.200,5.26%,F
004839,25785,2016-12-31,2016-12-31,2017-02-28,10.896,0.322,0.030,0.046,0.197,0.069,0.156,0.042,1.166,8.965,0.647,3.125,7.154,1.857,1.201,5.19%,F
004839,25785,2016-12-31,2016-12-31,2017-03-31,10.122,0.299,0.030,0.046,0.197,0.069,0.156,0.042,1.166,8.965,0.647,3.125,7.154,1.857,1.201,5.58%,F
004839,25785,2016-12-31,2016-12-31,2017-04-30,9.974,0.296,0.030,0.046,0.197,0.069,0.156,0.042,1.166,8.965,0.647,3.125,7.154,1.857,1.201,5.67%,F
004839,25785,2016-12-31,2017-03-31,2017-05-31,11.957,0.284,0.024,0.050,0.193,0.052,0.121,0.045,1.137,11.412,0.641,3.001,6.811,1.961,1.210,5.85%,F
004839,25785,2016-12-31,2017-03-31,2017-06-30,12.032,0.286,0.024,0.050,0.193,0.052,0.121,0.045,1.137,11.412,0.641,3.001,6.811,1.961,1.210,5.81%,F
004839,25785,2016-12-31,2017-03-31,2017-07-31,12.065,0.286,0.024,0.050,0.193,0.052,0.121,0.045,1.137,11.412,0.641,3.001,6.811,1.961,1.210,5.79%,F
004839,25785,2016-12-31,2017-06-30,2017-08-31,11.611,0.280,0.025,0.048,0.191,0.051,0.122,0.043,1.146,11.725,0.606,2.971,6.805,1.815,1.202,5.89%,F
004839,25785,2016-12-31,2017-06-30,2017-09-30,12.600,0.304,0.025,0.048,0.191,0.051,0.122,0.043,1.146,11.725,0.606,2.971,6.805,1.815,1.202,5.43%,F
004839,25785,2016-12-31,2017-06-30,2017-10-31,12.916,0.312,0.025,0.048,0.191,0.051,0.122,0.043,1.146,11.725,0.606,2.971,6.805,1.815,1.202,5.30%,F
004839,25785,2016-12-31,2017-09-30,2017-11-30,11.382,0.317,0.029,0.052,0.196,0.054,0.140,0.046,1.148,11.251,0.605,2.988,6.826,1.906,1.210,5.19%,F
004839,25785,2016-12-31,2017-09-30,2017-12-31,11.355,0.316,0.029,0.052,0.196,0.054,0.140,0.046,1.148,11.251,0.605,2.988,6.826,1.906,1.210,5.20%,F
004839,25785,2016-12-31,2017-09-30,2018-01-31,9.973,0.278,0.029,0.052,0.196,0.054,0.140,0.046,1.148,11.251,0.605,2.988,6.826,1.906,1.210,6.65%,F
004839,25785,2017-12-31,2017-12-31,2018-02-28,5.584,0.264,0.048,0.051,0.194,0.069,0.232,0.045,1.121,8.988,0.610,2.875,6.386,1.829,1.225,6.88%,F
004839,25785,2017-12-31,2017-12-31,2018-03-31,5.832,0.276,0.048,0.051,0.194,0.069,0.232,0.045,1.121,8.988,0.610,2.875,6.386,1.829,1.225,6.59%,F
004839,25785,2017-12-31,2017-12-31,2018-04-30,5.916,0.281,0.048,0.051,0.194,0.069,0.232,0.045,1.121,8.988,0.610,2.875,6.386,1.829,1.225,6.49%,F
004839,25785,2017-12-31,2018-03-31,2018-05-31,5.893,0.283,0.049,0.049,0.190,0.052,0.235,0.043,1.129,11.726,0.588,2.871,6.482,1.727,1.215,6.32%,F
004839,25785,2017-12-31,2018-03-31,2018-06-30,5.648,0.272,0.049,0.049,0.190,0.052,0.235,0.043,1.129,11.726,0.588,2.871,6.482,1.727,1.215,6.59%,F
004839,25785,2017-12-31,2018-03-31,2018-07-31,5.122,0.246,0.049,0.049,0.190,0.052,0.235,0.043,1.129,11.726,0.588,2.871,6.482,1.727,1.215,7.27%,F
004839,25785,2017-12-31,2018-06-30,2018-08-31,5.512,0.234,0.043,0.045,0.187,0.049,0.197,0.038,1.119,12.371,0.551,2.837,6.334,1.491,1.217,7.70%,F
004839,25785,2017-12-31,2018-06-30,2018-09-30,5.378,0.228,0.043,0.045,0.187,0.049,0.197,0.038,1.119,12.371,0.551,2.837,6.334,1.491,1.217,7.89%,F
004839,25785,2017-12-31,2018-06-30,2018-10-31,5.552,0.235,0.043,0.045,0.187,0.049,0.197,0.038,1.119,12.371,0.551,2.837,6.334,1.491,1.217,7.64%,F
004839,25785,2017-12-31,2018-09-30,2018-11-30,5.956,0.230,0.039,0.045,0.185,0.048,0.176,0.038,1.110,12.414,0.537,2.808,6.217,1.436,1.221,7.76%,F
004839,25785,2017-12-31,2018-09-30,2018-12-31,4.842,0.187,0.039,0.045,0.185,0.048,0.176,0.038,1.110,12.414,0.537,2.808,6.217,1.436,1.221,9.54%,F
004839,25785,2017-12-31,2018-09-30,2019-01-31,5.570,0.215,0.039,0.045,0.185,0.048,0.176,0.038,1.110,12.414,0.537,2.808,6.217,1.436,1.221,6.82%,F
004839,25785,2018-12-31,2018-12-31,2019-02-28,9.533,0.214,0.023,0.049,0.189,0.067,0.102,0.042,1.127,8.973,0.482,2.757,6.136,1.533,1.200,6.84%,F
004839,25785,2018-12-31,2018-12-31,2019-03-31,9.543,0.215,0.023,0.049,0.189,0.067,0.102,0.042,1.127,8.973,0.482,2.757,6.136,1.533,1.200,6.83%,F
004839,25785,2018-12-31,2018-12-31,2019-04-30,11.359,0.255,0.023,0.049,0.189,0.067,0.102,0.042,1.127,8.973,0.482,2.757,6.136,1.533,1.200,5.74%,F
004839,25785,2018-12-31,2019-03-31,2019-05-31,12.205,0.235,0.019,0.052,0.199,0.057,0.084,0.043,1.116,10.509,0.492,2.767,6.129,1.540,1.211,6.30%,F
004839,25785,2018-12-31,2019-03-31,2019-06-30,13.115,0.253,0.019,0.052,0.199,0.057,0.084,0.043,1.116,10.509,0.492,2.767,6.129,1.540,1.211,5.87%,F
004839,25785,2018-12-31,2019-03-31,2019-07-31,12.218,0.235,0.019,0.052,0.199,0.057,0.084,0.043,1.116,10.509,0.492,2.767,6.129,1.540,1.211,6.30%,F
004839,25785,2018-12-31,2019-06-30,2019-08-31,16.981,0.227,0.014,0.049,0.203,0.060,0.059,0.041,1.120,10.054,0.538,2.791,6.175,1.453,1.209,6.54%,F
004839,25785,2018-12-31,2019-06-30,2019-09-30,16.963,0.226,0.014,0.049,0.203,0.060,0.059,0.041,1.120,10.054,0.538,2.791,6.175,1.453,1.209,6.55%,F
004839,25785,2018-12-31,2019-06-30,2019-10-31,15.907,0.211,0.014,0.049,0.203,0.060,0.059,0.041,1.120,10.054,0.538,2.791,6.175,1.453,1.209,6.98%,F
004839,25785,2018-12-31,2019-09-30,2019-11-30,22.650,0.223,0.010,0.048,0.207,0.063,0.044,0.039,1.131,9.596,0.536,2.803,6.232,1.402,1.198,6.62%,F
004839,25785,2018-12-31,2019-09-30,2019-12-31,23.250,0.229,0.010,0.048,0.207,0.063,0.044,0.039,1.131,9.596,0.536,2.803,6.232,1.402,1.198,6.45%,F
004839,25785,2018-12-31,2019-09-30,2020-01-31,22.050,0.217,0.010,0.048,0.207,0.063,0.044,0.039,1.131,9.596,0.536,2.803,6.232,1.402,1.198,6.80%,F
004839,25785,2019-12-31,2019-12-31,2020-02-29,311.667,0.174,0.000,0.037,0.180,0.060,0.001,0.030,1.155,10.140,0.567,3.041,6.789,1.066,1.162,8.62%,F
004839,25785,2019-12-31,2019-12-31,2020-03-31,242.500,0.121,0.000,0.037,0.180,0.060,0.001,0.030,1.155,10.140,0.567,3.041,6.789,1.066,1.162,,F
004839,25785,2019-12-31,2019-12-31,2020-04-30,255.182,0.128,0.000,0.037,0.180,0.060,0.001,0.030,1.155,10.140,0.567,3.041,6.789,1.066,1.162,,F
004839,25785,2019-12-31,2020-03-31,2020-05-31,-7.416,0.149,-0.021,0.021,0.189,0.049,-0.086,0.016,1.146,12.486,0.429,3.104,6.766,0.585,1.211,,F
004839,25785,2019-12-31,2020-03-31,2020-06-30,-7.896,0.158,-0.021,0.021,0.189,0.049,-0.086,0.016,1.146,12.486,0.429,3.104,6.766,0.585,1.211,,F
004839,25785,2019-12-31,2020-03-31,2020-07-31,-8.584,0.172,-0.021,0.021,0.189,0.049,-0.086,0.016,1.146,12.486,0.429,3.104,6.766,0.585,1.211,,F
004839,25785,2019-12-31,2020-06-30,2020-08-31,-12.868,0.204,-0.016,-0.000,0.179,0.036,-0.062,-0.000,1.157,17.355,0.568,3.356,7.139,-0.007,1.244,,F
004839,25785,2019-12-31,2020-06-30,2020-09-30,-12.566,0.200,-0.016,-0.000,0.179,0.036,-0.062,-0.000,1.157,17.355,0.568,3.356,7.139,-0.007,1.244,,F
004839,25785,2019-12-31,2020-06-30,2020-10-31,-14.585,0.232,-0.016,-0.000,0.179,0.036,-0.062,-0.000,1.157,17.355,0.568,3.356,7.139,-0.007,1.244,,F
004839,25785,2019-12-31,2020-09-30,2020-11-30,-227.00,0.271,-0.001,0.011,0.176,0.040,-0.005,0.008,1.153,15.664,0.713,3.465,7.296,0.292,1.253,,F
004839,25785,2019-12-31,2020-09-30,2020-12-31,-219.75,0.262,-0.001,0.011,0.176,0.040,-0.005,0.008,1.153,15.664,0.713,3.465,7.296,0.292,1.253,,F
004839,25785,2019-12-31,2020-09-30,2021-01-31,-263.25,0.314,-0.001,0.011,0.176,0.040,-0.005,0.008,1.153,15.664,0.713,3.465,7.296,0.292,1.253,,F
004839,25785,2020-12-31,2020-12-31,2021-02-28,-36.563,0.360,-0.010,-0.006,0.158,0.030,-0.039,-0.004,1.147,20.454,0.763,3.565,7.704,-0.155,1.201,,F
004839,25785,2020-12-31,2020-12-31,2021-03-31,-38.281,0.377,-0.010,-0.006,0.158,0.030,-0.039,-0.004,1.147,20.454,0.763,3.565,7.704,-0.155,1.201,,F
004839,25785,2020-12-31,2020-12-31,2021-04-30,-36.063,0.356,-0.010,-0.006,0.158,0.030,-0.039,-0.004,1.147,20.454,0.763,3.565,7.704,-0.155,1.201,,F
004839,25785,2020-12-31,2021-03-31,2021-05-31,14.677,0.441,0.031,0.022,0.180,0.042,0.126,0.014,1.139,14.468,0.818,3.394,7.228,0.558,1.236,,F
004839,25785,2020-12-31,2021-03-31,2021-06-30,15.010,0.451,0.031,0.022,0.180,0.042,0.126,0.014,1.139,14.468,0.818,3.394,7.228,0.558,1.236,,F
004839,25785,2020-12-31,2021-03-31,2021-07-31,14.091,0.424,0.031,0.022,0.180,0.042,0.126,0.014,1.139,14.468,0.818,3.394,7.228,0.558,1.236,,F
004839,25785,2020-12-31,2021-06-30,2021-08-31,15.329,0.375,0.025,0.040,0.187,0.049,0.105,0.028,1.119,11.989,0.728,3.149,6.831,1.092,1.206,,F
004839,25785,2020-12-31,2021-06-30,2021-09-30,16.659,0.407,0.025,0.040,0.187,0.049,0.105,0.028,1.119,11.989,0.728,3.149,6.831,1.092,1.206,,F
004839,25785,2020-12-31,2021-06-30,2021-10-31,20.094,0.491,0.025,0.040,0.187,0.049,0.105,0.028,1.119,11.989,0.728,3.149,6.831,1.092,1.206,,F
004839,25785,2020-12-31,2021-09-30,2021-11-30,27.414,0.560,0.021,0.032,0.185,0.046,0.085,0.023,1.107,12.900,0.644,2.997,6.577,0.896,1.206,2.08%,F
004839,25785,2020-12-31,2021-09-30,2021-12-31,29.671,0.606,0.021,0.032,0.185,0.046,0.085,0.023,1.107,12.900,0.644,2.997,6.577,0.896,1.206,1.93%,F
004839,25785,2020-12-31,2021-09-30,2022-01-31,29.000,0.592,0.021,0.032,0.185,0.046,0.085,0.023,1.107,12.900,0.644,2.997,6.577,0.896,1.206,1.97%,F
004839,25785,2021-12-31,2021-12-31,2022-02-28,3.946,0.507,0.132,0.054,0.201,0.056,0.441,0.038,1.010,9.534,0.606,1.785,4.295,1.592,1.201,2.28%,F
004839,25785,2021-12-31,2021-12-31,2022-03-31,3.800,0.490,0.132,0.054,0.201,0.056,0.441,0.038,1.010,9.534,0.606,1.785,4.295,1.592,1.201,2.37%,F
004839,25785,2021-12-31,2021-12-31,2022-04-30,3.182,0.410,0.132,0.054,0.201,0.056,0.441,0.038,1.010,9.534,0.606,1.785,4.295,1.592,1.201,2.82%,F
004839,25785,2021-12-31,2022-03-31,2022-05-31,4.817,0.401,0.086,0.045,0.191,0.051,0.294,0.032,1.051,10.913,0.390,2.226,5.135,1.417,1.197,2.92%,F
004839,25785,2021-12-31,2022-03-31,2022-06-30,3.919,0.327,0.086,0.045,0.191,0.051,0.294,0.032,1.051,10.913,0.390,2.226,5.135,1.417,1.197,3.59%,F
004839,25785,2021-12-31,2022-03-31,2022-07-31,5.173,0.431,0.086,0.045,0.191,0.051,0.294,0.032,1.051,10.913,0.390,2.226,5.135,1.417,1.197,2.72%,F
004839,25785,2021-12-31,2022-06-30,2022-08-31,5.310,0.407,0.079,0.060,0.195,0.065,0.275,0.048,1.030,8.465,0.483,2.008,4.785,2.178,1.185,3.94%,F
004839,25785,2021-12-31,2022-06-30,2022-09-30,3.902,0.299,0.079,0.060,0.195,0.065,0.275,0.048,1.030,8.465,0.483,2.008,4.785,2.178,1.185,5.36%,F
004839,25785,2021-12-31,2022-06-30,2022-10-31,4.659,0.357,0.079,0.060,0.195,0.065,0.275,0.048,1.030,8.465,0.483,2.008,4.785,2.178,1.185,4.49%,F
004839,25785,2021-12-31,2022-09-30,2022-11-30,6.261,0.362,0.059,0.054,0.186,0.062,0.200,0.045,1.014,8.532,0.286,1.870,4.575,1.985,1.185,4.32%,F
004839,25785,2021-12-31,2022-09-30,2022-12-31,5.239,0.303,0.059,0.054,0.186,0.062,0.200,0.045,1.014,8.532,0.286,1.870,4.575,1.985,1.185,5.16%,F
004839,25785,2021-12-31,2022-09-30,2023-01-31,6.086,0.352,0.059,0.054,0.186,0.062,0.200,0.045,1.014,8.532,0.286,1.870,4.575,1.985,1.185,4.44%,F
004839,25785,2022-12-31,2022-12-31,2023-02-28,-24.633,0.299,-0.013,0.061,0.184,0.067,-0.042,0.052,1.056,8.127,-0.002,2.007,4.919,2.099,1.202,4.97%,F
004839,25785,2022-12-31,2022-12-31,2023-03-31,-25.714,0.312,-0.013,0.061,0.184,0.067,-0.042,0.052,1.056,8.127,-0.002,2.007,4.919,2.099,1.202,4.76%,F
004839,25785,2022-12-31,2022-12-31,2023-04-30,-24.245,0.294,-0.013,0.061,0.184,0.067,-0.042,0.052,1.056,8.127,-0.002,2.007,4.919,2.099,1.202,5.05%,F
004839,25785,2022-12-31,2023-03-31,2023-05-31,16.901,0.286,0.017,0.068,0.184,0.075,0.064,0.063,1.030,7.171,0.322,1.980,4.850,2.083,1.192,5.00%,F
004839,25785,2022-12-31,2023-03-31,2023-06-30,21.310,0.360,0.017,0.068,0.184,0.075,0.064,0.063,1.030,7.171,0.322,1.980,4.850,2.083,1.192,3.97%,F
004839,25785,2022-12-31,2023-03-31,2023-07-31,18.606,0.315,0.017,0.068,0.184,0.075,0.064,0.063,1.030,7.171,0.322,1.980,4.850,2.083,1.192,4.54%,F
004839,25785,2022-12-31,2023-06-30,2023-08-31,11.892,0.281,0.024,0.069,0.182,0.077,0.093,0.065,1.042,7.201,0.413,2.038,4.985,1.869,1.202,4.95%,F
004839,25785,2022-12-31,2023-06-30,2023-09-30,12.176,0.288,0.024,0.069,0.182,0.077,0.093,0.065,1.042,7.201,0.413,2.038,4.985,1.869,1.202,4.83%,F
004839,25785,2022-12-31,2023-06-30,2023-10-31,9.559,0.226,0.024,0.069,0.182,0.077,0.093,0.065,1.042,7.201,0.413,2.038,4.985,1.869,1.202,6.15%,F
004839,25785,2022-12-31,2023-09-30,2023-11-30,6.706,0.232,0.035,0.075,0.184,0.081,0.138,0.072,1.045,6.881,0.411,2.071,5.033,1.858,1.205,5.85%,F
004839,25785,2022-12-31,2023-09-30,2023-12-31,7.967,0.275,0.035,0.075,0.184,0.081,0.138,0.072,1.045,6.881,0.411,2.071,5.033,1.858,1.205,4.92%,F
004839,25785,2022-12-31,2023-09-30,2024-01-31,7.660,0.265,0.035,0.075,0.184,0.081,0.138,0.072,1.045,6.881,0.411,2.071,5.033,1.858,1.205,5.12%,F
004839,25785,2023-12-31,2023-12-31,2024-02-29,11.519,0.276,0.025,0.067,0.176,0.074,0.098,0.062,1.051,7.765,0.448,2.306,5.389,1.546,1.196,6.27%,F
004839,25785,2023-12-31,2023-12-31,2024-03-31,12.296,0.294,0.025,0.067,0.176,0.074,0.098,0.062,1.051,7.765,0.448,2.306,5.389,1.546,1.196,5.87%,F
004839,25785,2023-12-31,2023-12-31,2024-04-30,11.250,0.269,0.025,0.067,0.176,0.074,0.098,0.062,1.051,7.765,0.448,2.306,5.389,1.546,1.196,6.42%,F
004839,25785,2023-12-31,2024-03-31,2024-05-31,12.505,0.268,0.022,0.064,0.171,0.071,0.088,0.060,1.045,7.784,0.367,2.195,5.232,1.410,1.195,6.43%,F
004839,25785,2023-12-31,2024-03-31,2024-06-30,12.928,0.277,0.022,0.064,0.171,0.071,0.088,0.060,1.045,7.784,0.367,2.195,5.232,1.410,1.195,6.22%,F
004839,25785,2023-12-31,2024-03-31,2024-07-31,11.155,0.238,0.022,0.064,0.171,0.071,0.088,0.060,1.045,7.784,0.367,2.195,5.232,1.410,1.195,7.21%,F
004839,25785,2023-12-31,2024-06-30,2024-08-31,11.656,0.242,0.021,0.062,0.168,0.070,0.086,0.058,1.047,7.963,0.377,2.244,5.296,1.329,1.185,6.97%,F
004839,25785,2023-12-31,2024-06-30,2024-09-30,11.000,0.229,0.021,0.062,0.168,0.070,0.086,0.058,1.047,7.963,0.377,2.244,5.296,1.329,1.185,7.39%,F
004839,25785,2023-12-31,2024-06-30,2024-10-31,10.719,0.223,0.021,0.062,0.168,0.070,0.086,0.058,1.047,7.963,0.377,2.244,5.296,1.329,1.185,7.58%,F
004839,25785,2023-12-31,2024-09-30,2024-11-30,12.648,0.238,0.019,0.066,0.169,0.072,0.079,0.062,1.055,7.790,0.430,2.307,5.404,1.414,1.169,7.01%,F
004839,25785,2023-12-31,2024-09-30,2024-12-31,11.250,0.211,0.019,0.066,0.169,0.072,0.079,0.062,1.055,7.790,0.430,2.307,5.404,1.414,1.169,7.88%,F
184996,93436,2009-12-31,2010-06-30,2010-08-31,-1.249,16.020,-0.855,-0.746,0.248,-0.552,,0.338,0.407,-0.343,,,2.682,-114.76,1.572,,TSLA
184996,93436,2009-12-31,2010-06-30,2010-09-30,-1.308,16.790,-0.855,-0.746,0.248,-0.552,,0.338,0.407,-0.343,,,2.682,-114.76,1.572,,TSLA
184996,93436,2009-12-31,2010-06-30,2010-10-31,-1.400,17.975,-0.855,-0.746,0.248,-0.552,,0.338,0.407,-0.343,,,2.682,-114.76,1.572,,TSLA
184996,93436,2009-12-31,2010-09-30,2010-11-30,-1.719,33.271,-1.284,-1.193,0.312,-0.768,,0.464,0.289,-0.313,,0.065,1.344,-116.14,2.091,,TSLA
184996,93436,2009-12-31,2010-09-30,2010-12-31,-1.296,25.518,-1.284,-1.193,0.312,-0.768,,0.464,0.289,-0.313,,0.065,1.344,-116.14,2.091,,TSLA
184996,93436,2009-12-31,2010-09-30,2011-01-31,-1.173,23.094,-1.284,-1.193,0.312,-0.768,,0.464,0.289,-0.313,,0.065,1.344,-116.14,2.091,,TSLA
184996,93436,2010-12-31,2010-12-31,2011-02-28,-14.392,19.509,-1.322,-1.258,0.354,-0.527,,-10.790,0.260,-0.533,,0.349,0.865,-81.941,2.757,,TSLA
184996,93436,2010-12-31,2010-12-31,2011-03-31,-16.717,22.713,-1.322,-1.258,0.354,-0.527,,-10.790,0.260,-0.533,,0.349,0.865,-81.941,2.757,,TSLA
184996,93436,2010-12-31,2010-12-31,2011-04-30,-16.627,22.609,-1.322,-1.258,0.354,-0.527,,-10.790,0.260,-0.533,,0.349,0.865,-81.941,2.757,,TSLA
184996,93436,2010-12-31,2011-03-31,2011-05-31,-1.092,19.884,-1.199,-1.160,0.393,-0.600,-0.484,-14.883,0.317,-0.447,,0.293,1.157,-115.04,2.359,,TSLA
184996,93436,2010-12-31,2011-03-31,2011-06-30,-1.055,20.895,-1.199,-1.160,0.393,-0.600,-0.484,-14.883,0.317,-0.447,,0.293,1.157,-115.04,2.359,,TSLA
184996,93436,2010-12-31,2011-03-31,2011-07-31,-1.021,20.213,-1.199,-1.160,0.393,-0.600,-0.484,-14.883,0.317,-0.447,,0.293,1.157,-115.04,2.359,,TSLA
184996,93436,2010-12-31,2011-06-30,2011-08-31,-0.808,14.728,-1.111,-1.119,0.406,-0.558,-0.811,-1.386,0.281,-0.506,,0.389,0.910,-97.879,2.759,,TSLA
184996,93436,2010-12-31,2011-06-30,2011-09-30,-0.797,14.544,-1.111,-1.119,0.406,-0.558,-0.811,-1.386,0.281,-0.506,,0.389,0.910,-97.879,2.759,,TSLA
184996,93436,2010-12-31,2011-06-30,2011-10-31,-0.960,17.532,-1.111,-1.119,0.406,-0.558,-0.811,-1.386,0.281,-0.506,,0.389,0.910,-97.879,2.759,,TSLA
184996,93436,2010-12-31,2011-09-30,2011-11-30,-0.953,16.976,-1.115,-1.105,0.398,-0.460,-0.951,-0.678,0.346,-0.648,,0.526,1.103,-79.359,2.630,,TSLA
184996,93436,2010-12-31,2011-09-30,2011-12-31,-0.831,14.852,-1.115,-1.105,0.398,-0.460,-0.951,-0.678,0.346,-0.648,,0.526,1.103,-79.359,2.630,,TSLA
184996,93436,2010-12-31,2011-09-30,2012-01-31,-0.846,15.117,-1.115,-1.105,0.398,-0.460,-0.951,-0.678,0.346,-0.648,,0.526,1.103,-79.359,2.630,,TSLA
184996,93436,2011-12-31,2011-12-31,2012-02-29,-13.206,17.111,-1.246,-1.231,0.384,-0.427,-2.271,-0.642,0.566,-1.194,,1.210,2.184,-48.899,1.949,,TSLA
184996,93436,2011-12-31,2011-12-31,2012-03-31,-14.719,19.175,-1.246,-1.231,0.384,-0.427,-2.271,-0.642,0.566,-1.194,,1.210,2.184,-48.899,1.949,,TSLA
184996,93436,2011-12-31,2011-12-31,2012-04-30,-13.095,17.067,-1.246,-1.231,0.384,-0.427,-2.271,-0.642,0.566,-1.194,,1.210,2.184,-48.899,1.949,,TSLA
184996,93436,2011-12-31,2012-03-31,2012-05-31,-0.685,16.743,-1.593,-1.580,0.385,-0.446,-1.142,-0.659,0.504,-0.914,,0.956,1.764,-47.954,2.169,,TSLA
184996,93436,2011-12-31,2012-03-31,2012-06-30,-0.727,17.777,-1.593,-1.580,0.385,-0.446,-1.142,-0.659,0.504,-0.914,,0.956,1.764,-47.954,2.169,,TSLA
184996,93436,2011-12-31,2012-03-31,2012-07-31,-0.637,15.595,-1.593,-1.580,0.385,-0.446,-1.142,-0.659,0.504,-0.914,,0.956,1.764,-47.954,2.169,,TSLA
184996,93436,2011-12-31,2012-06-30,2012-08-31,-0.581,19.543,-2.223,-2.212,0.375,-0.458,-1.341,-0.671,0.664,-1.016,,1.691,3.020,-47.989,1.684,,TSLA
184996,93436,2011-12-31,2012-06-30,2012-09-30,-0.597,20.129,-2.223,-2.212,0.375,-0.458,-1.341,-0.671,0.664,-1.016,,1.691,3.020,-47.989,1.684,,TSLA
184996,93436,2011-12-31,2012-06-30,2012-10-31,-0.574,20.803,-2.223,-2.212,0.375,-0.458,-1.341,-0.671,0.664,-1.016,,1.691,3.020,-47.989,1.684,,TSLA
184996,93436,2011-12-31,2012-09-30,2012-11-30,-0.611,26.302,-2.651,-2.627,0.238,-0.493,-2.112,-0.752,0.844,-1.073,,2.448,6.424,-47.618,1.213,,TSLA
184996,93436,2011-12-31,2012-09-30,2012-12-31,-0.612,26.442,-2.651,-2.627,0.238,-0.493,-2.112,-0.752,0.844,-1.073,,2.448,6.424,-47.618,1.213,,TSLA
184996,93436,2011-12-31,2012-09-30,2013-01-31,-0.678,29.362,-2.651,-2.627,0.238,-0.493,-2.112,-0.752,0.844,-1.073,,2.448,6.424,-47.618,1.213,,TSLA
184996,93436,2012-12-31,2012-12-31,2013-02-28,-9.439,9.652,-0.959,-0.954,0.143,-0.400,-2.272,-0.720,0.870,-1.277,,3.300,7.935,-50.202,0.973,,TSLA
184996,93436,2012-12-31,2012-12-31,2013-03-31,-10.268,10.559,-0.959,-0.954,0.143,-0.400,-2.272,-0.720,0.870,-1.277,,3.300,7.935,-50.202,0.973,,TSLA
184996,93436,2012-12-31,2012-12-31,2013-04-30,-14.631,15.096,-0.959,-0.954,0.143,-0.400,-2.272,-0.720,0.870,-1.277,,3.300,7.935,-50.202,0.973,,TSLA
184996,93436,2012-12-31,2013-03-31,2013-05-31,-2.295,11.955,-0.312,-0.329,0.168,-0.310,-2.598,-0.604,0.937,-1.709,,3.443,10.733,-39.849,0.946,,TSLA
184996,93436,2012-12-31,2013-03-31,2013-06-30,-2.520,13.797,-0.312,-0.329,0.168,-0.310,-2.598,-0.604,0.937,-1.709,,3.443,10.733,-39.849,0.946,,TSLA
184996,93436,2012-12-31,2013-03-31,2013-07-31,-3.152,17.260,-0.312,-0.329,0.168,-0.310,-2.598,-0.604,0.937,-1.709,,3.443,10.733,-39.849,0.946,,TSLA
184996,93436,2012-12-31,2013-06-30,2013-08-31,-5.605,15.510,-0.166,-0.164,0.206,-0.163,-1.856,-0.401,0.733,-3.182,,1.479,4.537,-20.577,1.266,,TSLA
184996,93436,2012-12-31,2013-06-30,2013-09-30,-6.414,17.909,-0.166,-0.164,0.206,-0.163,-1.856,-0.401,0.733,-3.182,,1.479,4.537,-20.577,1.266,,TSLA
184996,93436,2012-12-31,2013-06-30,2013-10-31,-5.305,14.817,-0.166,-0.164,0.206,-0.163,-1.856,-0.401,0.733,-3.182,,1.479,4.537,-20.577,1.266,,TSLA
184996,93436,2012-12-31,2013-09-30,2013-11-30,-6.629,9.154,-0.087,-0.081,0.237,-0.046,-0.480,-0.192,0.737,-9.530,-0.131,1.000,3.245,-9.046,1.245,,TSLA
184996,93436,2012-12-31,2013-09-30,2013-12-31,-7.835,10.863,-0.087,-0.081,0.237,-0.046,-0.480,-0.192,0.737,-9.530,-0.131,1.000,3.245,-9.046,1.245,,TSLA
184996,93436,2012-12-31,2013-09-30,2014-01-31,-9.448,13.110,-0.087,-0.081,0.237,-0.046,-0.480,-0.192,0.737,-9.530,-0.131,1.000,3.245,-9.046,1.245,,TSLA
184996,93436,2013-12-31,2013-12-31,2014-02-28,-394.85,14.978,-0.037,-0.030,0.279,0.025,-0.185,-0.066,0.479,13.546,-0.024,0.889,2.623,-3.057,1.875,,TSLA
184996,93436,2013-12-31,2013-12-31,2014-03-31,-336.21,12.842,-0.037,-0.030,0.279,0.025,-0.185,-0.066,0.479,13.546,-0.024,0.889,2.623,-3.057,1.875,,TSLA
184996,93436,2013-12-31,2013-12-31,2014-04-30,-335.31,12.812,-0.037,-0.030,0.279,0.025,-0.185,-0.066,0.479,13.546,-0.024,0.889,2.623,-3.057,1.875,,TSLA
184996,93436,2013-12-31,2014-03-31,2014-05-31,-12.479,12.442,-0.065,-0.048,0.312,0.017,-0.265,-0.091,0.722,31.053,-0.207,1.033,2.957,-3.163,1.808,,TSLA
184996,93436,2013-12-31,2014-03-31,2014-06-30,-14.418,14.433,-0.065,-0.048,0.312,0.017,-0.265,-0.091,0.722,31.053,-0.207,1.033,2.957,-3.163,1.808,,TSLA
184996,93436,2013-12-31,2014-03-31,2014-07-31,-13.411,13.430,-0.065,-0.048,0.312,0.017,-0.265,-0.091,0.722,31.053,-0.207,1.033,2.957,-3.163,1.808,,TSLA
184996,93436,2013-12-31,2014-06-30,2014-08-31,-13.319,13.796,-0.068,-0.048,0.325,0.018,-0.239,-0.068,0.821,30.763,-0.670,1.335,3.567,-1.942,1.879,,TSLA
184996,93436,2013-12-31,2014-06-30,2014-09-30,-11.984,12.487,-0.068,-0.048,0.325,0.018,-0.239,-0.068,0.821,30.763,-0.670,1.335,3.567,-1.942,1.879,,TSLA
184996,93436,2013-12-31,2014-06-30,2014-10-31,-11.936,12.438,-0.068,-0.048,0.325,0.018,-0.239,-0.068,0.821,30.763,-0.670,1.335,3.567,-1.942,1.879,,TSLA
184996,93436,2013-12-31,2014-09-30,2014-11-30,-10.001,10.731,-0.071,-0.044,0.342,0.022,-0.260,-0.055,0.823,25.436,-3.348,1.694,3.989,-1.457,2.040,,TSLA
184996,93436,2013-12-31,2014-09-30,2014-12-31,-9.097,9.785,-0.071,-0.044,0.342,0.022,-0.260,-0.055,0.823,25.436,-3.348,1.694,3.989,-1.457,2.040,,TSLA
184996,93436,2013-12-31,2014-09-30,2015-01-31,-8.327,8.963,-0.071,-0.044,0.342,0.022,-0.260,-0.055,0.823,25.436,-3.348,1.694,3.989,-1.457,2.040,,TSLA
184996,93436,2014-12-31,2014-12-31,2015-02-28,-86.161,7.996,-0.092,-0.058,0.348,0.011,-0.358,-0.081,0.871,53.709,,1.875,5.352,-1.643,1.518,,TSLA
184996,93436,2014-12-31,2014-12-31,2015-03-31,-79.987,7.458,-0.092,-0.058,0.348,0.011,-0.358,-0.081,0.871,53.709,,1.875,5.352,-1.643,1.518,,TSLA
184996,93436,2014-12-31,2014-12-31,2015-04-30,-95.784,8.934,-0.092,-0.058,0.348,0.011,-0.358,-0.081,0.871,53.709,,1.875,5.352,-1.643,1.518,,TSLA
184996,93436,2014-12-31,2015-03-31,2015-05-31,-5.258,9.012,-0.113,-0.070,0.356,0.004,-0.425,-0.074,0.883,126.464,,2.041,4.973,-1.810,1.675,,TSLA
184996,93436,2014-12-31,2015-03-31,2015-06-30,-5.624,9.693,-0.113,-0.070,0.356,0.004,-0.425,-0.074,0.883,126.464,,2.041,4.973,-1.810,1.675,,TSLA
184996,93436,2014-12-31,2015-03-31,2015-07-31,-5.580,9.620,-0.113,-0.070,0.356,0.004,-0.425,-0.074,0.883,126.464,,2.041,4.973,-1.810,1.675,,TSLA
184996,93436,2014-12-31,2015-06-30,2015-08-31,-4.011,8.732,-0.141,-0.104,0.348,-0.015,-0.569,-0.114,0.903,-29.615,,2.224,5.679,-2.784,1.421,,TSLA
184996,93436,2014-12-31,2015-06-30,2015-09-30,-4.000,8.780,-0.141,-0.104,0.348,-0.015,-0.569,-0.114,0.903,-29.615,,2.224,5.679,-2.784,1.421,,TSLA
184996,93436,2014-12-31,2015-06-30,2015-10-31,-3.332,7.317,-0.141,-0.104,0.348,-0.015,-0.569,-0.114,0.903,-29.615,,2.224,5.679,-2.784,1.421,,TSLA
184996,93436,2014-12-31,2015-09-30,2015-11-30,-2.880,7.959,-0.178,-0.140,0.347,-0.031,-0.791,-0.157,0.876,-13.879,,2.043,5.533,-3.607,1.272,,TSLA
184996,93436,2014-12-31,2015-09-30,2015-12-31,-3.002,8.326,-0.178,-0.140,0.347,-0.031,-0.791,-0.157,0.876,-13.879,,2.043,5.533,-3.607,1.272,,TSLA
184996,93436,2014-12-31,2015-09-30,2016-01-31,-2.391,6.665,-0.178,-0.140,0.347,-0.031,-0.791,-0.157,0.876,-13.879,,2.043,5.533,-3.607,1.272,,TSLA
184996,93436,2015-12-31,2015-12-31,2016-02-29,-27.696,6.264,-0.220,-0.177,0.333,-0.042,-0.846,-0.202,0.843,-9.092,,1.804,6.393,-4.470,0.991,,TSLA
184996,93436,2015-12-31,2015-12-31,2016-03-31,-33.156,7.602,-0.220,-0.177,0.333,-0.042,-0.846,-0.202,0.843,-9.092,,1.804,6.393,-4.470,0.991,,TSLA
184996,93436,2015-12-31,2015-12-31,2016-04-30,-34.742,7.970,-0.220,-0.177,0.333,-0.042,-0.846,-0.202,0.843,-9.092,,1.804,6.393,-4.470,0.991,,TSLA
184996,93436,2015-12-31,2016-03-31,2016-05-31,-1.908,7.744,-0.239,-0.203,0.333,-0.051,-1.031,-0.239,0.866,-7.673,,2.080,6.328,-4.922,1.065,,TSLA
184996,93436,2015-12-31,2016-03-31,2016-06-30,-1.814,7.388,-0.239,-0.203,0.333,-0.051,-1.031,-0.239,0.866,-7.673,,2.080,6.328,-4.922,1.065,,TSLA
184996,93436,2015-12-31,2016-03-31,2016-07-31,-2.007,8.208,-0.239,-0.203,0.333,-0.051,-1.031,-0.239,0.866,-7.673,,2.080,6.328,-4.922,1.065,,TSLA
184996,93436,2015-12-31,2016-06-30,2016-08-31,-1.675,6.926,-0.246,-0.204,0.344,-0.043,-1.101,-0.246,0.769,-8.673,,1.548,5.054,-4.775,1.155,,TSLA
184996,93436,2015-12-31,2016-06-30,2016-09-30,-1.612,6.692,-0.246,-0.204,0.344,-0.043,-1.101,-0.246,0.769,-8.673,,1.548,5.054,-4.775,1.155,,TSLA
184996,93436,2015-12-31,2016-06-30,2016-10-31,-1.562,6.488,-0.246,-0.204,0.344,-0.043,-1.101,-0.246,0.769,-8.673,,1.548,5.054,-4.775,1.155,,TSLA
184996,93436,2015-12-31,2016-09-30,2016-11-30,-1.979,4.790,-0.147,-0.111,0.362,0.011,-0.593,-0.150,0.692,28.531,-1.882,1.321,4.646,-3.120,1.184,,TSLA
184996,93436,2015-12-31,2016-09-30,2016-12-31,-2.233,5.822,-0.147,-0.111,0.362,0.011,-0.593,-0.150,0.692,28.531,-1.882,1.321,4.646,-3.120,1.184,,TSLA
184996,93436,2015-12-31,2016-09-30,2017-01-31,-2.632,6.869,-0.147,-0.111,0.362,0.011,-0.593,-0.150,0.692,28.531,-1.882,1.321,4.646,-3.120,1.184,,TSLA
184996,93436,2016-12-31,2016-12-31,2017-02-28,-53.417,5.774,-0.096,-0.092,0.364,0.020,-0.229,-0.082,0.606,24.070,,1.271,3.524,-2.630,1.074,,TSLA
184996,93436,2016-12-31,2016-12-31,2017-03-31,-59.466,6.527,-0.096,-0.092,0.364,0.020,-0.229,-0.082,0.606,24.070,,1.271,3.524,-2.630,1.074,,TSLA
184996,93436,2016-12-31,2016-12-31,2017-04-30,-67.109,7.370,-0.096,-0.092,0.364,0.020,-0.229,-0.082,0.606,24.070,,1.271,3.524,-2.630,1.074,,TSLA
184996,93436,2016-12-31,2017-03-31,2017-05-31,-4.766,6.552,-0.085,-0.069,0.372,0.041,-0.265,-0.086,0.601,9.261,-25.446,1.229,3.655,-1.846,1.188,,TSLA
184996,93436,2016-12-31,2017-03-31,2017-06-30,-5.054,7.058,-0.085,-0.069,0.372,0.041,-0.265,-0.086,0.601,9.261,-25.446,1.229,3.655,-1.846,1.188,,TSLA
184996,93436,2016-12-31,2017-03-31,2017-07-31,-4.521,6.314,-0.085,-0.069,0.372,0.041,-0.265,-0.086,0.601,9.261,-25.446,1.229,3.655,-1.846,1.188,,TSLA
184996,93436,2016-12-31,2017-06-30,2017-08-31,-5.038,5.899,-0.076,-0.059,0.375,0.043,-0.205,-0.065,0.592,8.386,,1.310,3.702,-1.455,1.093,,TSLA
184996,93436,2016-12-31,2017-06-30,2017-09-30,-4.828,5.692,-0.076,-0.059,0.375,0.043,-0.205,-0.065,0.592,8.386,,1.310,3.702,-1.455,1.093,,TSLA
184996,93436,2016-12-31,2017-06-30,2017-10-31,-4.693,5.534,-0.076,-0.059,0.375,0.043,-0.205,-0.065,0.592,8.386,,1.310,3.702,-1.455,1.093,,TSLA
184996,93436,2016-12-31,2017-09-30,2017-11-30,-2.400,4.826,-0.131,-0.113,0.345,0.013,-0.321,-0.111,0.611,29.869,,1.543,3.935,-2.413,1.065,,TSLA
184996,93436,2016-12-31,2017-09-30,2017-12-31,-2.419,4.886,-0.131,-0.113,0.345,0.013,-0.321,-0.111,0.611,29.869,,1.543,3.935,-2.413,1.065,,TSLA
184996,93436,2016-12-31,2017-09-30,2018-01-31,-2.753,5.561,-0.131,-0.113,0.345,0.013,-0.321,-0.111,0.611,29.869,,1.543,3.935,-2.413,1.065,,TSLA
184996,93436,2017-12-31,2017-12-31,2018-02-28,-28.999,4.928,-0.167,-0.133,0.328,0.003,-0.436,-0.117,0.691,147.357,,2.239,5.433,-2.625,0.856,,TSLA
184996,93436,2017-12-31,2017-12-31,2018-03-31,-22.496,3.842,-0.167,-0.133,0.328,0.003,-0.436,-0.117,0.691,147.357,,2.239,5.433,-2.625,0.856,,TSLA
184996,93436,2017-12-31,2017-12-31,2018-04-30,-24.844,4.244,-0.167,-0.133,0.328,0.003,-0.436,-0.117,0.691,147.357,,2.239,5.433,-2.625,0.856,,TSLA
184996,93436,2017-12-31,2018-03-31,2018-05-31,-1.362,3.877,-0.188,-0.158,0.296,-0.011,-0.492,-0.141,0.664,-33.276,,1.901,4.645,-3.072,0.899,,TSLA
184996,93436,2017-12-31,2018-03-31,2018-06-30,-1.640,4.689,-0.188,-0.158,0.296,-0.011,-0.492,-0.141,0.664,-33.276,,1.901,4.645,-3.072,0.899,,TSLA
184996,93436,2017-12-31,2018-03-31,2018-07-31,-1.426,4.078,-0.188,-0.158,0.296,-0.011,-0.492,-0.141,0.664,-33.276,,1.901,4.645,-3.072,0.899,,TSLA
184996,93436,2017-12-31,2018-06-30,2018-08-31,-1.247,3.761,-0.199,-0.164,0.272,-0.018,-0.588,-0.155,0.713,-21.947,,2.169,5.151,-3.320,0.837,,TSLA
184996,93436,2017-12-31,2018-06-30,2018-09-30,-1.094,3.320,-0.199,-0.164,0.272,-0.018,-0.588,-0.155,0.713,-21.947,,2.169,5.151,-3.320,0.837,,TSLA
184996,93436,2017-12-31,2018-06-30,2018-10-31,-1.394,4.233,-0.199,-0.164,0.272,-0.018,-0.588,-0.155,0.713,-21.947,,2.169,5.151,-3.320,0.837,,TSLA
184996,93436,2017-12-31,2018-09-30,2018-11-30,-2.211,3.435,-0.102,-0.072,0.280,0.021,-0.414,-0.084,0.745,18.957,-0.358,2.199,5.299,-1.789,0.782,,TSLA
184996,93436,2017-12-31,2018-09-30,2018-12-31,-2.099,3.278,-0.102,-0.072,0.280,0.021,-0.414,-0.084,0.745,18.957,-0.358,2.199,5.299,-1.789,0.782,,TSLA
184996,93436,2017-12-31,2018-09-30,2019-01-31,-1.936,3.024,-0.102,-0.072,0.280,0.021,-0.414,-0.084,0.745,18.957,-0.358,2.199,5.299,-1.789,0.782,,TSLA
184996,93436,2018-12-31,2018-12-31,2019-02-28,-55.923,2.574,-0.045,-0.012,0.276,0.056,-0.213,-0.016,0.766,7.391,-0.106,1.920,4.758,-0.352,0.831,,TSLA
184996,93436,2018-12-31,2018-12-31,2019-03-31,-48.927,2.265,-0.045,-0.012,0.276,0.056,-0.213,-0.016,0.766,7.391,-0.106,1.920,4.758,-0.352,0.831,,TSLA
184996,93436,2018-12-31,2018-12-31,2019-04-30,-41.729,1.932,-0.045,-0.012,0.276,0.056,-0.213,-0.016,0.766,7.391,-0.106,1.920,4.758,-0.352,0.831,,TSLA
184996,93436,2018-12-31,2019-03-31,2019-05-31,-2.132,1.453,-0.043,-0.006,0.270,0.063,-0.218,-0.008,0.767,6.696,-0.073,2.206,5.147,-0.188,0.802,,TSLA
184996,93436,2018-12-31,2019-03-31,2019-06-30,-2.573,1.772,-0.043,-0.006,0.270,0.063,-0.218,-0.008,0.767,6.696,-0.073,2.206,5.147,-0.188,0.802,,TSLA
184996,93436,2018-12-31,2019-03-31,2019-07-31,-2.782,1.916,-0.043,-0.006,0.270,0.063,-0.218,-0.008,0.767,6.696,-0.073,2.206,5.147,-0.188,0.802,,TSLA
184996,93436,2018-12-31,2019-06-30,2019-08-31,-3.886,1.620,-0.026,0.013,0.261,0.082,-0.147,0.020,0.753,5.357,0.478,2.143,4.781,0.467,0.883,,TSLA
184996,93436,2018-12-31,2019-06-30,2019-09-30,-4.149,1.738,-0.026,0.013,0.261,0.082,-0.147,0.020,0.753,5.357,0.478,2.143,4.781,0.467,0.883,,TSLA
184996,93436,2018-12-31,2019-06-30,2019-10-31,-5.425,2.276,-0.026,0.013,0.261,0.082,-0.147,0.020,0.753,5.357,0.478,2.143,4.781,0.467,0.883,,TSLA
184996,93436,2018-12-31,2019-09-30,2019-11-30,-4.621,2.435,-0.034,0.006,0.254,0.074,-0.168,0.009,0.747,6.041,0.396,2.113,4.526,0.212,0.952,,TSLA
184996,93436,2018-12-31,2019-09-30,2019-12-31,-5.859,3.102,-0.034,0.006,0.254,0.074,-0.168,0.009,0.747,6.041,0.396,2.113,4.526,0.212,0.952,,TSLA
184996,93436,2018-12-31,2019-09-30,2020-01-31,-9.112,4.824,-0.034,0.006,0.254,0.074,-0.168,0.009,0.747,6.041,0.396,2.113,4.526,0.212,0.952,,TSLA
184996,93436,2019-12-31,2019-12-31,2020-02-29,-135.77,5.004,-0.035,0.003,0.251,0.068,-0.149,0.004,0.709,6.720,0.405,1.908,3.959,0.112,1.135,,TSLA
184996,93436,2019-12-31,2019-12-31,2020-03-31,-106.50,3.944,-0.035,0.003,0.251,0.068,-0.149,0.004,0.709,6.720,0.405,1.908,3.959,0.112,1.135,,TSLA
184996,93436,2019-12-31,2019-12-31,2020-04-30,-158.92,5.897,-0.035,0.003,0.251,0.068,-0.149,0.004,0.709,6.720,0.405,1.908,3.959,0.112,1.135,,TSLA
184996,93436,2019-12-31,2020-03-31,2020-05-31,-62.547,5.948,-0.006,0.033,0.267,0.096,-0.025,0.044,0.714,4.812,0.383,1.780,3.732,1.185,1.135,,TSLA
184996,93436,2019-12-31,2020-03-31,2020-06-30,-80.885,7.718,-0.006,0.033,0.267,0.096,-0.025,0.044,0.714,4.812,0.383,1.780,3.732,1.185,1.135,,TSLA
184996,93436,2019-12-31,2020-03-31,2020-07-31,-107.17,10.247,-0.006,0.033,0.267,0.096,-0.025,0.044,0.714,4.812,0.383,1.780,3.732,1.185,1.135,,TSLA
184996,93436,2019-12-31,2020-06-30,2020-08-31,86.066,18.062,0.014,0.056,0.292,0.107,0.054,0.067,0.699,4.130,0.295,1.522,3.310,1.986,1.182,,TSLA
184996,93436,2019-12-31,2020-06-30,2020-09-30,74.095,15.820,0.014,0.056,0.292,0.107,0.054,0.067,0.699,4.130,0.295,1.522,3.310,1.986,1.182,,TSLA
184996,93436,2019-12-31,2020-06-30,2020-10-31,67.019,14.308,0.014,0.056,0.292,0.107,0.054,0.067,0.699,4.130,0.295,1.522,3.310,1.986,1.182,,TSLA
184996,93436,2019-12-31,2020-09-30,2020-11-30,369.531,19.095,0.020,0.069,0.299,0.118,0.070,0.085,0.636,3.612,0.421,1.142,2.586,2.736,1.329,,TSLA
184996,93436,2019-12-31,2020-09-30,2020-12-31,459.421,24.040,0.020,0.069,0.299,0.118,0.070,0.085,0.636,3.612,0.421,1.142,2.586,2.736,1.329,,TSLA
184996,93436,2019-12-31,2020-09-30,2021-01-31,516.621,27.033,0.020,0.069,0.299,0.118,0.070,0.085,0.636,3.612,0.421,1.142,2.586,2.736,1.329,,TSLA
184996,93436,2020-12-31,2020-12-31,2021-02-28,419.800,20.560,0.023,0.069,0.291,0.104,0.050,0.077,0.386,2.962,0.456,0.487,1.281,3.161,1.875,,TSLA
184996,93436,2020-12-31,2020-12-31,2021-03-31,451.727,20.396,0.023,0.069,0.291,0.104,0.050,0.077,0.386,2.962,0.456,0.487,1.281,3.161,1.875,,TSLA
184996,93436,2020-12-31,2020-12-31,2021-04-30,474.500,21.671,0.023,0.069,0.291,0.104,0.050,0.077,0.386,2.962,0.456,0.487,1.281,3.161,1.875,,TSLA
184996,93436,2020-12-31,2021-03-31,2021-05-31,208.407,16.758,0.032,0.066,0.284,0.110,0.080,0.081,0.465,2.967,0.488,0.623,1.574,3.786,1.618,,TSLA
184996,93436,2020-12-31,2021-03-31,2021-06-30,226.567,18.610,0.032,0.066,0.284,0.110,0.080,0.081,0.465,2.967,0.488,0.623,1.574,3.786,1.618,,TSLA
184996,93436,2020-12-31,2021-03-31,2021-07-31,229.067,18.930,0.032,0.066,0.284,0.110,0.080,0.081,0.465,2.967,0.488,0.623,1.574,3.786,1.618,,TSLA
184996,93436,2020-12-31,2021-06-30,2021-08-31,127.729,17.606,0.052,0.076,0.280,0.120,0.122,0.099,0.389,2.298,0.449,0.489,1.325,5.825,1.664,,TSLA
184996,93436,2020-12-31,2021-06-30,2021-09-30,134.632,18.599,0.052,0.076,0.280,0.120,0.122,0.099,0.389,2.298,0.449,0.489,1.325,5.825,1.664,,TSLA
184996,93436,2020-12-31,2021-06-30,2021-10-31,193.403,26.725,0.052,0.076,0.280,0.120,0.122,0.099,0.389,2.298,0.449,0.489,1.325,5.825,1.664,,TSLA
184996,93436,2020-12-31,2021-09-30,2021-11-30,123.892,24.540,0.074,0.095,0.288,0.139,0.160,0.129,0.333,1.650,0.410,0.396,1.187,9.951,1.591,,TSLA
184996,93436,2020-12-31,2021-09-30,2021-12-31,114.370,23.313,0.074,0.095,0.288,0.139,0.160,0.129,0.333,1.650,0.410,0.396,1.187,9.951,1.591,,TSLA
184996,93436,2020-12-31,2021-09-30,2022-01-31,101.377,20.665,0.074,0.095,0.288,0.139,0.160,0.129,0.333,1.650,0.410,0.396,1.187,9.951,1.591,,TSLA
184996,93436,2021-12-31,2021-12-31,2022-02-28,177.639,16.714,0.103,0.121,0.307,0.165,0.210,0.174,0.230,0.943,0.433,0.229,1.012,18.667,1.375,,TSLA
184996,93436,2021-12-31,2021-12-31,2022-03-31,219.918,20.741,0.103,0.121,0.307,0.165,0.210,0.174,0.230,0.943,0.433,0.229,1.012,18.667,1.375,,TSLA
184996,93436,2021-12-31,2021-12-31,2022-04-30,177.706,16.761,0.103,0.121,0.307,0.165,0.210,0.174,0.230,0.943,0.433,0.229,1.012,18.667,1.375,,TSLA
184996,93436,2021-12-31,2022-03-31,2022-05-31,34.295,12.632,0.135,0.154,0.322,0.224,0.319,0.260,0.246,0.727,0.500,0.251,1.028,32.563,1.400,,TSLA
184996,93436,2021-12-31,2022-03-31,2022-06-30,30.458,11.272,0.135,0.154,0.322,0.224,0.319,0.260,0.246,0.727,0.500,0.251,1.028,32.563,1.400,,TSLA
184996,93436,2021-12-31,2022-03-31,2022-07-31,40.319,14.972,0.135,0.154,0.322,0.224,0.319,0.260,0.246,0.727,0.500,0.251,1.028,32.563,1.400,,TSLA
184996,93436,2021-12-31,2022-06-30,2022-08-31,33.166,12.858,0.142,0.162,0.322,0.237,0.327,0.284,0.207,0.572,0.493,0.193,0.950,45.133,1.387,,TSLA
184996,93436,2021-12-31,2022-06-30,2022-09-30,31.919,12.471,0.142,0.162,0.322,0.237,0.327,0.284,0.207,0.572,0.493,0.193,0.950,45.133,1.387,,TSLA
184996,93436,2021-12-31,2022-06-30,2022-10-31,27.381,10.698,0.142,0.162,0.322,0.237,0.327,0.284,0.207,0.572,0.493,0.193,0.950,45.133,1.387,,TSLA
184996,93436,2021-12-31,2022-09-30,2022-11-30,60.217,8.213,0.149,0.167,0.314,0.253,0.350,0.312,0.171,0.441,0.556,0.146,0.892,58.458,1.408,,TSLA
184996,93436,2021-12-31,2022-09-30,2022-12-31,38.097,5.206,0.149,0.167,0.314,0.253,0.350,0.312,0.171,0.441,0.556,0.146,0.892,58.458,1.408,,TSLA
184996,93436,2021-12-31,2022-09-30,2023-01-31,53.574,7.321,0.149,0.167,0.314,0.253,0.350,0.312,0.171,0.441,0.556,0.146,0.892,58.458,1.408,,TSLA
184996,93436,2022-12-31,2022-12-31,2023-02-28,56.826,7.990,0.154,0.170,0.302,0.243,0.335,0.309,0.116,0.327,0.514,0.084,0.815,72.419,1.532,,TSLA
184996,93436,2022-12-31,2022-12-31,2023-03-31,57.309,8.071,0.154,0.170,0.302,0.243,0.335,0.309,0.116,0.327,0.514,0.084,0.815,72.419,1.532,,TSLA
184996,93436,2022-12-31,2022-12-31,2023-04-30,45.390,6.393,0.154,0.170,0.302,0.243,0.335,0.309,0.116,0.327,0.514,0.084,0.815,72.419,1.532,,TSLA
184996,93436,2022-12-31,2023-03-31,2023-05-31,59.979,7.513,0.137,0.150,0.277,0.231,0.303,0.286,0.126,0.355,0.436,0.095,0.818,81.088,1.503,,TSLA
184996,93436,2022-12-31,2023-03-31,2023-06-30,76.991,9.657,0.137,0.150,0.277,0.231,0.303,0.286,0.126,0.355,0.436,0.095,0.818,81.088,1.503,,TSLA
184996,93436,2022-12-31,2023-03-31,2023-07-31,78.656,9.866,0.137,0.150,0.277,0.231,0.303,0.286,0.126,0.355,0.436,0.095,0.818,81.088,1.503,,TSLA
184996,93436,2022-12-31,2023-06-30,2023-08-31,73.318,8.712,0.130,0.135,0.259,0.216,0.288,0.263,0.113,0.342,0.442,0.083,0.793,88.713,1.540,,TSLA
184996,93436,2022-12-31,2023-06-30,2023-09-30,71.085,8.460,0.130,0.135,0.259,0.216,0.288,0.263,0.113,0.342,0.442,0.083,0.793,88.713,1.540,,TSLA
184996,93436,2022-12-31,2023-06-30,2023-10-31,57.057,6.790,0.130,0.135,0.259,0.216,0.288,0.263,0.113,0.342,0.442,0.083,0.793,88.713,1.540,,TSLA
184996,93436,2022-12-31,2023-09-30,2023-11-30,77.445,7.956,0.112,0.112,0.244,0.182,0.234,0.208,0.116,0.417,0.305,0.085,0.770,84.078,1.595,,TSLA
184996,93436,2022-12-31,2023-09-30,2023-12-31,80.155,8.250,0.112,0.112,0.244,0.182,0.234,0.208,0.116,0.417,0.305,0.085,0.770,84.078,1.595,,TSLA
184996,93436,2022-12-31,2023-09-30,2024-01-31,60.416,6.218,0.112,0.112,0.244,0.182,0.234,0.208,0.116,0.417,0.305,0.085,0.770,84.078,1.595,,TSLA
184996,93436,2023-12-31,2023-12-31,2024-02-29,46.949,6.644,0.155,0.092,0.231,0.144,0.279,0.145,0.136,0.706,0.329,0.104,0.687,56.994,1.726,,TSLA
184996,93436,2023-12-31,2023-12-31,2024-03-31,40.881,5.793,0.155,0.092,0.231,0.144,0.279,0.145,0.136,0.706,0.329,0.104,0.687,56.994,1.726,,TSLA
184996,93436,2023-12-31,2023-12-31,2024-04-30,42.623,6.040,0.155,0.092,0.231,0.144,0.279,0.145,0.136,0.706,0.329,0.104,0.687,56.994,1.726,,TSLA
184996,93436,2023-12-31,2024-03-31,2024-05-31,44.632,5.994,0.146,0.078,0.229,0.130,0.258,0.121,0.130,0.682,0.126,0.098,0.712,36.443,1.681,,TSLA
184996,93436,2023-12-31,2024-03-31,2024-06-30,49.594,6.672,0.146,0.078,0.229,0.130,0.258,0.121,0.130,0.682,0.126,0.098,0.712,36.443,1.681,,TSLA
184996,93436,2023-12-31,2024-03-31,2024-07-31,58.163,7.825,0.146,0.078,0.229,0.130,0.258,0.121,0.130,0.682,0.126,0.098,0.712,36.443,1.681,,TSLA
184996,93436,2023-12-31,2024-06-30,2024-08-31,59.310,7.176,0.132,0.076,0.230,0.122,0.217,0.109,0.144,0.822,0.149,0.115,0.697,27.686,1.760,,TSLA
184996,93436,2023-12-31,2024-06-30,2024-09-30,72.474,8.803,0.132,0.076,0.230,0.122,0.217,0.109,0.144,0.822,0.149,0.115,0.697,27.686,1.760,,TSLA
184996,93436,2023-12-31,2024-06-30,2024-10-31,69.211,8.414,0.132,0.076,0.230,0.122,0.217,0.109,0.144,0.822,0.149,0.115,0.697,27.686,1.760,,TSLA
184996,93436,2023-12-31,2024-09-30,2024-11-30,93.286,11.405,0.133,0.085,0.235,0.126,0.209,0.115,0.150,0.839,0.249,0.123,0.690,26.140,1.798,,TSLA
184996,93436,2023-12-31,2024-09-30,2024-12-31,109.146,13.344,0.133,0.085,0.235,0.126,0.209,0.115,0.150,0.839,0.249,0.123,0.690,26.140,1.798,,TSLA
