ticker,pe,forward_pe,roe,debt_to_equity,profit_margin,market_cap
MMM,25.85008,18.750036,0.72920996,281.904,0.137,86328623104.0
AOS,18.26415,16.42392,0.28209,12.063,0.13851,9495181312.0
ABT,15.683416,21.99595,0.3062,25.31,0.3188,217278889984.0
ABBV,175.55725,16.135958,1.37961,,0.04004,406463086592.0
ACN,22.422663,18.220642,0.25016,25.694,0.107609995,168113438720.0
ADBE,21.185627,13.437833,0.55426,57.197,0.29997,150081961984.0
AMD,112.56021,33.286575,0.05317,6.366,0.10323,350012669952.0
AES,9.256578,6.0815363,0.05106,302.896,0.0874,10019542016.0
AFL,14.4415245,14.906809,0.1558,50.003,0.23552,58777980928.0
A,30.282274,21.092436,0.20618999,52.559,0.18754,39233622016.0
APD,,17.900267,-0.01923,106.228,-0.03277,55073652736.0
ABNB,32.576195,28.379416,0.30776,26.458,0.2203,83766083584.0
AKAM,25.929617,12.045944,0.10642,110.548,0.12262999,12720563200.0
ALB,,138.70294,0.00209,36.655,-0.00428,17655805952.0
ARE,,14.127906,-0.01084,66.083,-0.13436,8399297536.0
ALGN,30.69186,14.460373,0.095769994,3.064,0.095010005,11479665664.0
ALLE,21.728376,18.08098,0.36411,116.084,0.16092,13833076736.0
LNT,20.515722,19.01797,0.11461,163.145,0.19139,16770182144.0
ALL,6.738003,8.632181,0.34469002,29.43,0.12533,54756409344.0
GOOGL,30.948668,27.983244,0.3545,11.424,0.32233003,3797271445504.0
GOOG,31.061142,28.112667,0.3545,11.424,0.32233003,3802144702464.0
MO,10.992367,10.305441,,,0.4398,96761716736.0
AMZN,32.88826,29.639034,0.24327,43.405,0.11063,2485688991744.0
AMCR,27.733332,9.322965,0.07467,134.68,0.03345,19205554176.0
AEE,19.194231,18.659248,0.11387,155.736,0.1634,26998095872.0
AEP,16.96041,18.309835,0.12923001,152.132,0.17228001,61914169344.0
AXP,25.573826,21.803864,0.33935001,185.273,0.16143999,265165914112.0
AIG,15.553958,10.994641,0.07688,22.48,0.120170005,47910252544.0
AMT,28.180511,25.406788,0.28839,418.09,0.28106,82604204032.0
AWK,22.943762,21.433931,0.10457,140.983,0.21933001,25480335360.0
AMP,13.813101,12.075278,0.59589,54.222,0.19586,47308300288.0
AME,32.878548,26.117168,0.14632,26.09,0.20502001,48142352384.0
AMGN,25.768576,15.180759,0.8171,567.491,0.19474001,179276349440.0
APH,45.809998,34.259346,0.34807998,63.99,0.18218,168221949952.0
ADI,60.57768,24.632545,0.06573,26.5,0.20575,135555842048.0
AON,28.577724,18.725323,0.3769,214.88,0.15962,76903219200.0
APA,5.7846894,8.984673,0.27427998,66.895,0.16093999,8651277312.0
APO,21.650146,16.044249,0.16549,94.598,0.15777001,86204366848.0
AAPL,36.648792,29.863201,1.7142199,152.411,0.26915002,4057362333696.0
AMAT,30.207611,22.662905,0.35508,34.533,0.24669,208640655360.0
APTV,58.265152,9.158329,0.03294,85.425,0.01464,16747908096.0
ACGL,8.985004,10.328304,0.17811,11.501,0.20959,35780628480.0
ADM,23.54065,13.545788,0.05242,40.467,0.01429,27829792768.0
ANET,50.32061,39.23938,0.31736,,0.3973,166024151040.0
AJG,41.836803,19.5311,0.090670004,58.979,0.13257,67149373440.0
AIZ,14.642074,11.517502,0.15413,38.316,0.06753,12116770816.0
T,8.029316,11.045045,0.19139999,124.412,0.17870001,176257007616.0
ATO,22.537535,19.379818,0.09323,68.616,0.2549,27194691584.0
ADSK,58.50389,25.938347,0.40333998,94.504,0.16129999,64051228672.0
ADP,25.577076,21.668774,0.70572996,154.917,0.19788,104853364736.0
AZO,24.037777,19.561039,,,0.12776,57361068032.0
AVB,22.31547,35.32011,0.09754,73.165,0.38122,26085994496.0
AVY,20.696146,17.349566,0.30211002,171.013,0.07932,14109500416.0
AXON,185.34604,77.41717,0.10028,69.33,0.100509994,46378655744.0
BKR,15.603448,17.082047,0.1689,33.042,0.104329996,44651520000.0
BALL,20.490273,13.188344,0.117469996,138.426,0.05357,14331361280.0
BAC,15.346993,12.878302,0.09871,,0.29224002,416048218112.0
BAX,,8.411386,-0.04658,134.627,-0.030940002,9962400768.0
BDX,33.79174,12.364487,0.06544,78.85,0.07683,56036225024.0
BRK.B,,,,,,
BBY,22.973598,10.313555,0.22493,154.542,0.015420001,14625148928.0
TECH,120.85714,27.25967,0.038,20.067,0.06409,9227228160.0
BIIB,16.156935,11.6365795,0.09307,36.194,0.1598,25978038272.0
BLK,28.00798,20.25099,0.120740004,24.32,0.26638,168821260288.0
BX,44.658047,24.156744,0.26457,65.942,0.2117,190697209856.0
XYZ,13.334003,20.275913,0.14692001,36.049,0.13081001,40397127680.0
BK,16.95094,14.361813,0.121520005,,0.26568002,82844639232.0
BA,,92.54873,,,-0.12197,169487941632.0
BKNG,35.461445,20.498472,,,0.19371,176314318848.0
BSX,51.368984,27.686825,0.12488,50.973,0.1443,142403371008.0
BMY,18.397306,9.113486,0.33777002,274.414,0.12572,111233548288.0
AVGO,74.13263,25.15033,0.31048,166.032,0.36198002,1669544673280.0
BR,29.14304,22.221788,0.38215,132.063,0.13112001,26636062720.0
BRO,24.478788,17.315552,0.10695,64.746,0.18691999,27579971584.0
BF.B,,,,,,
BLDR,19.732447,16.10191,0.13555999,117.723,0.03795,11499274240.0
BG,10.031531,9.991644,0.09758,102.816,0.02201,17224601600.0
BXP,,33.87942,-0.01883,231.148,-0.058509998,12266005504.0
CHRW,33.324898,27.464231,0.34318,80.904,0.03636,19448332288.0
CDNS,81.97687,39.60102,0.21736,47.685,0.20354,86894338048.0
CZR,,52.46561,-0.04259,647.396,-0.0212,5156110336.0
CPT,44.234818,81.710495,0.059310004,81.136,0.1705,11674729472.0
CPB,14.510308,10.718216,0.14815,184.567,0.056900002,8392478720.0
COF,85.38356,11.962987,0.01615,,0.04899,159444467712.0
CAH,31.463745,18.790665,,,0.00681,49488670720.0
KMX,12.87541,14.950318,0.07459,297.523,0.016449999,5766604800.0
CCL,15.19802,10.922196,0.25632998,227.882,0.10366999,40278401024.0
CARR,33.493748,18.193918,0.0998,83.159,0.18052,45606313984.0
CAT,29.943504,26.091,0.46283,201.046,0.14339,273123213312.0
CBOE,27.543009,23.456251,0.21621001,32.645,0.21287,26804690944.0
CBRE,40.769806,22.364887,0.14091,104.121,0.031229999,49016545280.0
CDW,17.662455,13.219098,0.43007,239.737,0.04757,18310498304.0
COR,42.899372,17.49736,1.23751,534.1,0.00484,66161459200.0
CNC,,14.007267,-0.2186,83.51,-0.03155,19911393280.0
CNP,24.234177,20.066978,0.09606,202.111,0.11367,24998328320.0
CF,9.365174,10.474907,0.21967,44.133,0.20472,12544804864.0
CRL,,18.619816,-0.021879999,76.251,-0.020450002,10023223296.0
SCHW,23.861826,18.10647,0.17046,99.789,0.35930002,184952700928.0
CHTR,5.743277,4.825068,0.31327,497.907,0.092939995,28296189952.0
CVX,21.09986,19.865173,0.07316,21.239,0.06767,302263664640.0
CMG,33.46018,31.131899,0.44958,154.574,0.13036,50698862592.0
CB,13.104933,11.942461,0.1364,30.958,0.16442,124977446912.0
CHD,26.936907,22.825874,0.18594,56.855,0.12742,20801746944.0
CI,12.240373,9.075719,0.15538,81.021,0.02293,73862963200.0
CINF,12.252045,19.232924,0.14529,5.732,0.17569,25769269248.0
CTAS,41.282936,35.415318,0.43396,72.656,0.17584999,77019480064.0
CSCO,30.177608,17.4751,0.22418,63.228,0.17902,308817559552.0
C,16.912922,12.22414,0.06995,,0.19488001,221680926720.0
CFG,16.759104,11.8988905,0.067140006,,0.22894,25807611904.0
CLX,15.467818,14.5825405,4.43646,2230.435,0.11682,12018725888.0
CME,26.814924,23.754137,0.13346,13.372,0.58946997,99788783616.0
CMS,20.161383,18.154264,0.11233,191.676,0.12622,21290211328.0
KO,23.135763,21.692425,0.42442,144.771,0.2734,300697223168.0
CTSH,19.807869,15.225355,0.14501001,7.854,0.10203,41792040960.0
COIN,20.493078,33.817493,0.26005,48.559,0.43664002,63881883648.0
CL,22.333334,20.771189,2.93635,680.048,0.1447,64439447552.0
CMCSA,4.9269104,7.149831,0.24186,101.462,0.18333,109510844416.0
CAG,,9.497106,-0.0116,94.229,-0.008719999,8247089664.0
COP,12.9293785,14.725754,0.15421,36.169,0.14445,114328182784.0
ED,17.360142,16.49014,0.08839,110.373,0.122700006,35840909312.0
STZ,20.292578,11.255441,0.15912,135.429,0.12705,24266639360.0
CEG,41.337154,31.540365,0.19839,61.51,0.11026,112609705984.0
COO,44.18182,16.712112,0.045939997,33.785,0.09161,16425593856.0
CPRT,24.11043,21.802568,0.18124,1.039,0.34243,38043095040.0
GLW,57.416668,29.124477,0.12739,76.51,0.09159,76793765888.0
CPAY,21.057705,12.477172,0.29097,201.153,0.24365999,21903169536.0
CTVA,27.303644,18.448965,0.06705,17.175,0.09187999,45798506496.0
CSGP,1116.8334,48.387215,0.00252,13.126,0.00664,28400365568.0
COST,46.728195,39.364967,0.30325,26.968,0.02961,387730440192.0
CTRA,11.939815,9.917057,0.118549995,27.957,0.24691999,19681380352.0
CRWD,,99.53294,-0.088149995,20.154,-0.06882,121307242496.0
CCI,,25.700146,-2.06679,,-0.71931,38444085248.0
CSX,23.77922,19.27764,0.22589001,155.283,0.20548001,68269821952.0
CMI,26.88348,19.833544,0.22767,62.949,0.079450004,71657381888.0
CVS,209.5,11.109297,0.0057800002,111.821,0.0011999999,101059518464.0
DHR,47.390945,27.350153,0.06843,35.544,0.14435,164920999936.0
DRI,19.766003,16.550512,0.54104,398.717,0.08924,21962981376.0
DDOG,461.05,59.00559,0.03519,37.199,0.033239998,48503025664.0
DVA,11.762643,8.948774,0.61618,953.093,0.05796,8149570048.0
DAY,,25.3828,-0.05706,45.53,-0.07912,11068018688.0
DECK,15.317979,15.028353,0.43312,14.22,0.19364001,15292716032.0
DE,25.320194,20.713215,0.20427999,248.418,0.11017,126819975168.0
DELL,17.278076,11.277429,,,0.05005,86616678400.0
DAL,9.992948,9.851908,0.28514,117.299,0.07357,46262411264.0
DVN,8.412736,8.555289,0.18586999,56.274,0.16424999,22643314688.0
DXCM,37.53889,27.25652,0.30635,94.479,0.15958999,26497931264.0
FANG,10.274579,12.768263,0.10901,35.66,0.28689,42354712576.0
DLR,40.15803,42.881325,0.05825,79.248,0.23959999,54207700992.0
DG,23.806562,19.522835,0.16450001,201.663,0.03033,30341183488.0
DLTR,23.475378,18.537073,0.20066999,221.055,-0.15397,25281812480.0
D,19.346405,16.42159,0.09204,154.315,0.16790001,50551668736.0
DPZ,24.872004,21.756935,,,0.12159,14447302656.0
DASH,117.56281,38.29947,0.100430004,34.255,0.0683,100832100352.0
DOV,26.027308,18.887367,0.15883,40.076,0.28370002,27451215872.0
DOW,,-107.15436,-0.05287,102.943,-0.02769,16553772032.0
DHI,12.646501,10.843363,0.14321,24.514,0.10468,42734301184.0
DTE,19.347826,16.707361,0.11658,207.975,0.093439996,26801491968.0
DUK,18.453543,17.497282,0.09905,170.344,0.15972,91126341632.0
DD,23.84971,19.070948,0.03217,39.673,-0.060110003,17286922240.0
EMN,10.6043415,10.317367,0.12116,89.235,0.07746,7294155264.0
ETN,32.249252,23.538858,0.20653,59.661,0.14741,125420789760.0
EBAY,18.893568,14.6025305,0.42430001,151.155,0.20366,38940971008.0
ECL,38.182472,31.377516,0.21869,103.915,0.12489,75373314048.0
EIX,7.799475,9.678185,0.15765001,204.02,0.16315001,22901471232.0
EW,38.092106,30.245304,0.13492,6.862,0.23249,50989637632.0
EA,59.531975,22.117748,0.13201,36.65,0.121429995,51219230720.0
ELV,14.2633505,13.0274,0.12569,72.823,0.028399998,78785388544.0
EMR,33.67494,19.146446,0.09363,67.785,0.12728,76310020096.0
ENPH,22.60274,15.741421,0.20305,123.979,0.12932,4318370304.0
ETR,22.869457,21.11523,0.11188,179.362,0.1421,41466519552.0
EOG,10.278054,9.846134,0.18476999,26.835,0.24410999,56510316544.0
EPAM,32.276337,16.9776,0.10207,4.165,0.070149995,11774884864.0
EQT,17.566776,12.241488,0.08488,30.675,0.23097,33656141824.0
EFX,41.977314,25.161465,0.13066,94.824,0.1108,27357208576.0
EQIX,69.89927,50.048817,0.077,147.969,0.118,74945437696.0
EQR,20.821783,43.569237,0.10444,76.237,0.37583,24829818880.0
ERIE,22.774193,20.15703,0.30444,2.353,0.16038,14766658560.0
ESS,19.920973,43.45203,0.15987,115.144,0.44167,18106990592.0
EL,,36.74914,-0.20727,242.211,-0.064380005,38792781824.0
EG,25.132538,6.095311,0.03595,23.337,0.031229999,14168853504.0
EVRG,19.936985,16.938696,0.08454,142.45,0.1445,16752681984.0
ES,18.574585,13.506591,0.0861,184.357,0.102189995,25227718656.0
EXC,15.612904,15.3133335,0.10308,177.601,0.116009995,43995045888.0
EXE,35.205788,11.446367,0.061189998,27.95,0.08043,26077200384.0
EXPE,27.703276,16.135386,0.53886,250.289,0.096590005,35575652352.0
EXPD,24.79479,25.750841,0.36505002,24.549,0.07571,20661788672.0
EXR,29.259508,27.04804,0.06786,94.252,0.27735,28983252992.0
XOM,17.3125,16.577017,0.11424,15.672,0.091809995,507795374080.0
FFIV,22.318916,16.244484,0.20602,7.288,0.22421,15285702656.0
FDS,18.583334,15.3878975,0.28831,71.961,0.25399,11044493312.0
FICO,66.23309,34.18966,,,0.32747,42082967552.0
FAST,39.20755,34.145622,0.32742,13.283,0.15336001,47712366592.0
FRT,25.977156,32.404316,0.10516,138.76,0.27586,8883902464.0
FDX,16.389933,13.99243,0.15886,,0.04814,69920677888.0
FIS,209.96877,10.621196,0.011829999,94.272,0.0146200005,35098619904.0
FITB,14.450747,11.994192,0.115109995,,0.29674,32001179648.0
FSLR,20.697622,11.463151,0.16864,9.893,0.27728,28939933696.0
FE,19.5,16.498857,0.11192001,193.669,0.09312,25908297728.0
FI,9.860897,7.6310306,0.1354,120.581,0.17046,34314950656.0
F,11.376069,8.993852,0.10295,346.673,0.024820002,53033680896.0
FTNT,33.563786,27.855095,2.28043,148.116,0.28584,62496657408.0
FTV,21.925196,19.534454,0.103649996,52.244,0.09621,18841950208.0
FOXA,16.69663,14.663684,0.17272,60.136,0.12353,32984944640.0
FOX,14.701124,12.993049,0.17272,60.136,0.12353,30807105536.0
BEN,26.582417,8.690747,0.03818,23.699,0.05985,12612441088.0
FCX,37.09091,23.125925,0.14538999,30.589,0.07969,76161761280.0
GRMN,25.309113,23.568497,0.19655001,2.342,0.22625999,39559430144.0
IT,22.081295,18.762817,1.0925701,512.089,0.1371,19131619328.0
GE,42.18742,43.71523,0.42131,115.246,0.18344,334186872832.0
GEHC,17.31056,16.952383,0.24450001,105.127,0.10945,38173151232.0
GEV,107.52998,51.173397,0.16723,11.101,0.045229997,180609695744.0
GEN,30.516483,9.71934,0.25027,356.98,0.12743,17126206464.0
GNRC,26.824429,17.089155,0.11969,56.133,0.06921,8248631808.0
GD,22.177576,19.845608,0.17782,40.419,0.081829995,92435218432.0
GIS,10.118279,12.578162,0.27173,147.23,0.1351,25105037312.0
GM,15.851145,7.1269956,0.04442,195.437,0.01625,79079579648.0
GPC,21.706896,14.984706,0.16994,133.159,0.0336,17514012672.0
GILD,19.303406,14.259365,0.40706003,116.243,0.27882,154728611840.0
GPN,12.192716,5.8793917,0.07233,69.198,0.17365,19493480448.0
GL,10.320029,9.47814,0.22277,55.217,0.19363001,11519513600.0
GDDY,21.946459,12.716855,3.69454,4217.211,0.17013,17592717312.0
GS,18.417055,16.445171,0.13532,586.142,0.29073998,274580127744.0
HAL,18.516556,12.69922,0.12788,83.613,0.05913,23838754816.0
HIG,11.34779,10.456254,0.20069,23.696,0.12745,38675103744.0
HAS,,15.637874,-0.62839,771.392,-0.12814,11586224128.0
HCA,18.450502,16.052082,,,0.0853,111645319168.0
DOC,,64.44,-0.00115,114.248,-0.01359,11195641856.0
HSIC,24.015772,14.416076,0.08347999,70.224,0.03022,9232162816.0
HSY,27.533632,26.635433,0.31013,125.764,0.118360005,37353017344.0
HPE,,8.916544,0.0023,97.265,0.00166,32682715136.0
HLT,42.533333,32.14817,,,0.34188998,69024669696.0
HOLX,29.919678,14.911751,0.11116,52.037,0.13796,16618384384.0
HD,23.859482,23.11927,1.62909,544.586,0.087740004,348210003968.0
HON,20.841604,18.663263,0.34616002,215.247,0.1507,133001658368.0
HRL,27.885057,15.578445,0.06002,38.22,0.0395,13345602560.0
HST,17.396229,21.178606,0.109239995,82.827,0.12403,12844869632.0
HWM,59.165268,47.478718,0.30064,65.176,0.18181999,85016051712.0
HPQ,8.777358,7.1695633,,,0.045739997,21741164544.0
HUBB,28.487164,23.067114,0.24991,58.21,0.15123,24177674240.0
HUM,24.212347,20.795753,0.07159,69.686,0.01022,31130277888.0
HBAN,12.405595,10.309817,0.10434,,0.29619,27937007616.0
HII,24.215862,20.080969,0.12387,58.708,0.04737,13778844672.0
IBM,36.363525,25.020626,0.30156,237.831,0.120900005,285178363904.0
IEX,28.576864,21.658031,0.12197,48.121,0.13974,13575803904.0
IDXX,54.641266,47.43489,0.64633006,71.29,0.24654,55081631744.0
ITW,24.51068,22.34448,0.91683,278.654,0.19052,73592094720.0
INCY,16.967796,13.076907,0.30389,0.887,0.24695,19653865472.0
IR,60.207405,22.725555,0.05382,47.62,0.07309,32304939008.0
PODD,84.14869,46.671032,0.19679001,77.711,0.097629994,20317396992.0
INTC,603.3334,60.790276,0.0018600001,39.881,0.0037099998,172674007040.0
ICE,29.785067,21.734825,0.114930004,67.954,0.32431,93602627584.0
IFF,,15.090921,-0.03232,46.872,-0.042630002,17291689984.0
IP,,18.148317,-0.042779997,61.477,-0.05256,21063448576.0
IPG,16.828766,7.761317,0.14948,111.662,0.06245,8999164928.0
INTU,46.49828,25.62968,0.21987,,0.21191,188351512576.0
ISRG,76.328926,59.273445,0.16902,,0.28577998,207131312128.0
IVZ,18.340136,10.72928,0.06904,10.983,0.16691,12023183360.0
INVH,28.894737,36.568798,0.06,85.691,0.21805,16827416576.0
IQV,31.256197,17.538166,0.19374001,242.366,0.08067001,38644473856.0
IRM,151.83333,36.184616,,,0.02398,24235382784.0
JBHT,34.363953,28.0692,0.15126,53.131,0.04753,19193360384.0
JBL,36.892185,17.409122,0.47823003,250.037,0.0226,25225363456.0
JKHY,28.24431,27.296232,0.2345,3.17,0.19865,13525174272.0
J,52.43411,16.939878,0.06523,58.069,0.02405,16064386048.0
JNJ,20.08027,17.994635,0.33619,57.766,0.27259,500241956864.0
JCI,46.587788,22.852499,0.11374,86.383,0.13947,79874285568.0
JPM,16.233168,15.4809475,0.16437,,0.347,901671813120.0
K,22.797813,21.969112,0.32112,145.099,0.10079,29031499776.0
KVUE,22.92,15.534911,0.13469,85.659,0.0955,32934404096.0
KDP,24.224138,12.940781,0.06291,73.567,0.09781,38176186368.0
KEY,26.160494,11.854081,0.058179997,,0.18115999,23158966272.0
KEYS,40.962223,22.230614,0.1582,47.237,0.15814,35401199616.0
KMB,17.08968,13.185275,1.3688201,500.068,0.09983,33521205248.0
KIM,24.53012,25.893095,0.056700002,78.195,0.28243,13787693056.0
KMI,22.286884,19.6549,0.08884,102.138,0.16612,60491235328.0
KKR,54.564854,19.193523,0.07672,74.351,0.10564,120749490176.0
KLAC,40.16321,30.38325,0.99167997,122.127,0.33828998,168503525376.0
KHC,,9.592107,-0.09693,50.968,-0.1735,28561606656.0
KR,55.97345,11.930788,0.07997,357.991,0.0053600003,41914396672.0
LHX,31.9451,23.909307,0.091309994,60.629,0.08091,55524122624.0
LH,24.940077,14.489436,0.10135999,75.557,0.062129997,21098258432.0
LRCX,39.39602,31.590956,0.62261003,43.991,0.29657,224552042496.0
LW,15.27174,13.874579,0.23164,224.846,0.060599998,5873707008.0
LVS,29.819818,20.807074,0.65651,847.509,0.12687999,45443227648.0
LDOS,17.353874,15.100098,0.2929,105.551,0.08106,23845343232.0
LEN,13.145364,10.623796,0.08406,27.53,0.06079,25907253248.0
LII,21.054945,20.1825,0.92253995,128.035,0.15741,17497511936.0
LLY,52.908688,33.025806,0.9647,178.516,0.30986,966156288000.0
LIN,28.412708,23.813702,0.17979999,64.673,0.21170999,199178698752.0
LYV,104.89928,73.37164,0.5636,473.811,0.03659,33858428928.0
LKQ,11.337037,9.278148,0.10882,83.675,0.049439996,7875744768.0
LMT,26.8798,16.534704,0.62776,358.987,0.05726,112770629632.0
L,15.442671,36.689655,0.08182,49.123,0.07949,22070169600.0
LOW,20.239239,18.83081,,,0.08045,137147031552.0
LULU,14.531989,16.558046,0.41017,39.156,0.15720001,24781576192.0
LYB,,12.518995,-0.10584,124.319,-0.03198,13921005568.0
MTB,12.787169,11.094388,0.09628,,0.3054,32391499776.0
MPC,17.41383,11.508978,0.18887,143.175,0.02158,49765085184.0
MKTX,31.045841,22.248938,0.15823,4.81,0.26157,6832339456.0
MAR,33.32418,27.749468,,,0.37984002,85666660352.0
MMC,22.422062,18.114767,0.28734,139.501,0.15601,91933696000.0
MLM,33.111397,29.0549,0.12523,60.618,0.16688,38898712576.0
MAS,16.557545,15.3648615,5.6387095,1888.69,0.10885999,13554201600.0
MA,37.035145,30.33067,1.8486099,239.715,0.45275003,523965235200.0
MTCH,15.205607,8.685556,,,0.16202,7829844992.0
MKC,23.934027,21.402645,0.1385,75.356,0.11462,18499135488.0
MCD,26.53117,23.483719,,,0.3204,221702619136.0
MCK,25.907413,18.902946,,,0.01042,103022616576.0
MDT,26.15718,15.782562,0.09822,59.563,0.13706,123798102016.0
MRK,14.124338,12.871092,0.39485002,79.708,0.29632,266713300992.0
META,29.323164,21.998013,0.32643002,26.311,0.30892,1671840661504.0
MET,15.122412,8.041113,0.12798001,163.999,0.053400002,53401591808.0
MTD,35.458176,31.051588,,,0.21202,29252696064.0
MGM,188.4,17.656155,0.10293,913.283,0.00403,10305722368.0
MCHP,,26.0457,-0.02854,80.841,-0.04394,35096621056.0
MU,27.09705,7.401174,0.22554001,21.244,0.28146,320533790720.0
MSFT,34.712456,26.021774,0.32241002,33.154,0.35707,3625229484032.0
MAA,29.133192,39.82659,0.09408,87.122,0.25233,16540326912.0
MRNA,,-4.466529,-0.29317,7.867,-1.39606,12190889984.0
MHK,16.403275,11.073095,0.051999997,28.031,0.03927,6848800768.0
MOH,10.150247,10.026764,0.19708,91.911,0.020610001,8934327296.0
TAP,,8.356315,-0.17295,61.017,-0.18638,9179824128.0
MDLZ,20.464418,17.352972,0.13101,83.621,0.0938,70701178880.0
MPWR,24.270838,45.46754,0.64029,0.528,0.7122,45335351296.0
MNST,43.926136,34.538063,0.25538,0.779,0.21654,75533508608.0
MCO,41.837486,31.835564,0.54914004,181.347,0.29916,93273661440.0
MS,18.653334,17.192694,0.15135,420.553,0.23606001,290325561344.0
MOS,6.2979274,9.278272,0.101169996,37.134,0.10334,7716185088.0
MSI,30.308683,23.103977,1.1517,423.891,0.18704,62816329728.0
MSCI,37.04813,30.22131,,,0.40032002,45257887744.0
NDAQ,35.482143,25.983843,0.14054,79.867,0.19895001,57006559232.0
NTAP,19.252615,12.926447,1.25346,277.789,0.17733999,22059827200.0
NFLX,39.527195,29.13448,0.42861,65.822,0.24047,400299950080.0
NEM,16.451012,13.629951,0.22875999,16.914,0.33423,116194000896.0
NWSA,31.59036,23.493992,0.070250005,31.439,0.138,15303630848.0
NWS,35.987953,26.764515,0.070250005,31.439,0.138,16665508864.0
NEE,25.526985,20.070036,0.08236,144.161,0.24729,167462649856.0
NKE,35.631577,25.93649,0.17950001,80.099,0.05426,90066804736.0
NI,21.957895,20.247906,0.09073,140.579,0.14155,19743262720.0
NDSN,28.637323,20.31777,0.16215,68.747,0.17354,13620379648.0
NSC,22.176828,22.317572,0.2048,116.353,0.24219,65287528448.0
NTRS,16.333334,14.950802,0.13432,,0.21761,26719174656.0
NOC,20.791142,20.01671,0.26152,109.401,0.09819999,82669551616.0
NCLH,16.410072,8.603066,0.39870998,699.717,0.06846,10384422912.0
NRG,24.047832,16.892525,0.64186996,615.076,0.04839,31119149056.0
NUE,23.363766,14.392317,0.09014,31.248,0.05185,38070640640.0
NVDA,47.160892,25.223635,1.07359,9.102,0.53007,4638834163712.0
NVR,16.233805,17.839235,0.348,27.023,0.13545,20397676544.0
NXPI,27.548824,16.22298,0.20872,117.34,0.17111,56188776448.0
ORLY,32.03125,27.883402,,,0.14225,78046478336.0
OXY,29.30147,25.306246,0.05955,62.221,0.08169,39260635136.0
ODFL,32.026104,30.764633,0.25059,1.994,0.18967,33519718400.0
OMC,11.803834,8.206867,0.27007,128.056,0.08307,25396656128.0
ON,75.246574,18.850378,0.03891,45.833,0.051570002,22464942080.0
OKE,13.391543,12.245714,0.17847,152.218,0.105790004,45877723136.0
ORCL,37.146343,24.864683,0.69026,432.511,0.25280002,568851038208.0
OTIS,25.846607,19.540632,,,0.09413,34388680704.0
PCAR,21.91961,19.58747,0.14151,82.453,0.091120005,58712596480.0
PKG,21.102022,18.094355,0.19811001,91.618,0.10185,18797467648.0
PLTR,438.86047,186.8157,0.19504,3.52,0.28114,449778286592.0
PANW,119.27215,43.43907,0.15324001,4.951,0.11687,128896540672.0
PSKY,453.0,12.961868,0.01279,111.017,-0.00947,14992040960.0
PH,31.649324,26.857452,0.27294,74.953,0.18178,112381263872.0
PAYX,25.834843,19.306396,0.40884998,129.814,0.26446,40990494720.0
PAYC,19.926708,15.922474,0.28557,4.943,0.22645001,9024119808.0
PYPL,12.042169,10.315645,0.24358,60.239,0.14963001,57294045184.0
PNR,26.890585,19.597845,0.17966999,44.76,0.15844,17324255232.0
PEP,27.334599,16.783474,0.37162,260.19,0.078200005,196845928448.0
PFE,14.587209,8.358653,0.105979994,66.531,0.15654999,142654406656.0
PCG,13.252101,9.687208,0.0876,185.52,0.10492,34661048320.0
PM,22.974321,19.308214,,,0.21574,250696663040.0
PSX,34.527027,10.987763,0.056199998,77.483,0.011410001,51626872832.0
PNW,18.226805,18.858667,0.087749995,197.565,0.11198,10580631552.0
PNC,13.808264,12.045472,0.11486,,0.29937,84045291520.0
POOL,21.193254,20.06873,0.29307,100.725,0.07784,8676064256.0
PPG,18.661896,12.859231,0.1616,99.56,0.06348,23545024512.0
PPL,23.863947,17.975088,0.076620005,132.089,0.12162,25950052352.0
PFG,13.105571,9.547329,0.13767,34.137,0.099580005,19911043072.0
PG,21.129929,19.691473,0.31902,67.125,0.19739,338761875456.0
PGR,12.465972,14.099878,0.34223998,19.455,0.12579,133143609344.0
PLD,37.4157,44.627132,0.05963,62.789,0.35243,119554482176.0
PRU,15.590972,7.630879,0.085,148.723,0.04538,40110936064.0
PEG,19.32452,18.028341,0.12579,138.209,0.17768,40126988288.0
PTC,29.092255,20.338987,0.2085,35.802,0.26795998,21093367808.0
PSA,27.095634,25.329592,0.19933,106.758,0.39453998,45736189952.0
PHM,9.197531,10.902792,0.21569,16.939,0.14926,23517870080.0
PWR,64.09926,34.747448,0.13369,71.612,0.03744,64517971968.0
QCOM,34.82271,14.061814,0.2334,73.767,0.12512,188619997184.0
DGX,20.650234,16.95706,0.14353,86.524,0.08931,19674216448.0
RL,26.4483,21.510601,0.34005,111.231,0.112840004,21716025344.0
RJF,16.048544,12.26932,0.17666,48.456,0.15234,32958171136.0
RTX,38.022587,27.339838,0.10702,61.315,0.07666,248270749696.0
O,52.981304,35.338707,0.02488,73.977,0.17135,52149456896.0
REG,31.90367,28.832483,0.0602,73.101,0.26093,12797035520.0
REGN,18.833252,17.711384,0.15188,8.739,0.32131,83196960768.0
RF,12.242291,10.72799,0.11401,,0.31044,24797249536.0
RSG,31.751488,29.205202,0.18249,113.763,0.12768,66617487360.0
RMD,25.052198,20.348576,0.25413,13.826,0.2735,35726708736.0
RVTY,49.87113,18.247486,0.0304,45.676,0.08441,11230021632.0
ROK,52.055992,29.41237,0.20282,98.275,0.104169995,44949663744.0
ROL,56.63551,47.374096,0.36208,59.534,0.14019,29157724160.0
ROP,31.048897,20.855682,0.081549995,47.288,0.20337,48526180352.0
ROST,28.347418,25.407574,0.37425,88.181,0.0947,58911485952.0
RCL,19.237038,16.091093,0.46677,203.878,0.23318,77905911808.0
SPGI,38.449528,26.699512,0.119940005,31.784,0.28091,161641086976.0
CRM,35.57219,20.282883,0.12184,19.385,0.17913,253308141568.0
SBAC,24.226416,21.840277,,,0.30724,20524034048.0
SLB,14.704281,12.803834,0.15182,47.459,0.10341,56455372800.0
STX,36.741978,18.886738,,,0.17922,62359339008.0
SRE,27.264616,17.391798,0.0677,81.287,0.15754,57834110976.0
NOW,93.26667,37.71527,0.16813,21.255,0.13665,159797952512.0
SHW,31.750244,25.878275,0.59939,325.153,0.110489994,81143029760.0
SPG,27.323145,27.27352,0.82455003,884.863,0.36498,70805528576.0
SWKS,20.847403,12.750933,0.0789,20.898,0.116739996,9627020288.0
SJM,,10.083922,-0.17438,131.357,-0.13608,10634223616.0
SW,26.534246,11.91912,0.04099,76.445,0.02402,20229498880.0
SNA,18.582678,17.25707,0.18330999,22.27,0.19827999,18465832960.0
SOLV,9.237658,12.646807,0.37271,103.028,0.18139,13955590144.0
SO,21.68408,19.04115,0.11429,192.679,0.15422,95983312896.0
LUV,65.52381,14.335822,0.04168,67.618,0.0137600005,21679749120.0
SWK,25.993101,13.039198,0.04918,78.538,0.02892,11675228160.0
SBUX,52.19632,28.309797,,,0.04992,96744472576.0
STT,14.042462,11.62089,0.111499995,,0.21877001,37527216128.0
STLD,23.270557,13.155852,0.12550999,42.166,0.0639,25828517888.0
STE,36.645626,22.939634,0.101339996,29.314,0.12073,25156470784.0
SYK,46.485565,23.705156,0.14036,78.646,0.12071,135462100992.0
SMCI,24.125984,10.066993,0.12787,79.184,0.03766,18291195904.0
SYF,9.430922,9.2499485,0.21636999,,0.37066,32000669696.0
SNPS,59.19851,28.174706,0.0716,50.459,0.18886,91285569536.0
SYY,19.900805,14.691127,0.8346,690.715,0.02211,35545858048.0
TMUS,19.382835,16.33785,0.19034,200.622,0.13826999,226209218560.0
TROW,11.423119,10.181231,0.1867,4.09,0.28892002,23015172096.0
TTWO,,32.20877,-0.86609,102.325,-0.64265,47320010752.0
TPR,100.22901,21.12318,0.16053,1051.139,0.03765,27179823104.0
TRGP,24.616419,18.527164,0.4985,615.121,0.09949,39358590976.0
TGT,12.066667,12.957904,0.25094998,132.062,0.03576,45235433472.0
TEL,37.741886,19.362228,0.14618,50.102,0.106709994,68481822720.0
TDY,29.939234,21.873543,0.08127,23.989,0.13616,24290093056.0
TER,72.59124,38.743683,0.15767999,9.89,0.15495,31639726080.0
TSLA,323.25848,215.17973,0.06791,17.082,0.05314,1580396052480.0
TXN,32.277374,28.656229,0.29757,84.477,0.29208001,160808189952.0
TPL,41.672466,3.9324398,0.3937,1.292,0.61676997,19822499840.0
TXT,19.741795,13.176863,0.11465,55.332,0.05809,16077681664.0
TMO,33.549393,23.550385,0.13116999,69.75,0.15022,218188693504.0
TJX,34.75885,30.517403,0.58396,140.977,0.086789995,174853799936.0
TKO,83.31035,53.837643,0.08129,42.785,0.08989,17859846144.0
TTD,43.534092,18.375246,0.16783,14.456,0.15717,18731403264.0
TSCO,24.826088,22.036783,0.45459,222.382,0.07176,27154659328.0
TT,30.03749,26.390865,0.3721,55.305,0.13926,87357300736.0
TDG,40.811718,28.646238,,,0.23485,73776046080.0
TRV,11.496262,10.962417,0.19809,29.318,0.121350005,65766096896.0
TRMB,54.931503,23.214817,0.06131,24.038,0.099309996,19085119488.0
TFC,13.568365,11.35209,0.07982,,0.28605,65258311680.0
TYL,64.125175,36.7856,0.091680005,17.86,0.13719,19946291200.0
TSN,44.030075,13.5081215,0.0276,53.19,0.00871,20675010560.0
USB,12.583525,11.230127,0.1172,,0.27632,85574860800.0
UBER,10.458173,19.129858,0.72994006,45.755,0.33542,169461121024.0
UDR,82.97727,65.19643,0.03649,144.858,0.08595,13745614848.0
ULTA,23.312357,21.46779,0.47967,97.784,0.09932,27240204288.0
UNP,19.799831,18.426035,0.41619,189.829,0.2873,138467475456.0
UAL,11.426854,8.859726,0.25588,218.897,0.05643,36919078912.0
UPS,15.539413,14.054129,0.33618,184.32,0.061490003,85296685056.0
URI,21.322172,17.52462,0.28781,169.022,0.15826,53270671360.0
UNH,17.300833,18.676245,0.17476,75.734,0.04042,300584402944.0
UHS,10.834841,9.686768,0.20028,70.037,0.08093,14486712320.0
VLO,34.097713,13.0237255,0.052389998,39.561,0.01283,50949992448.0
VTR,150.22643,140.92036,0.021559998,100.11,0.042930003,37400129536.0
VLTO,27.87671,24.409554,0.37978,100.772,0.16746001,25264254976.0
VRSN,28.742126,25.495642,,,0.49855998,23008405504.0
VRSK,33.89846,28.792076,2.68133,1295.046,0.30418,30784796672.0
VZ,8.63113,8.434581,0.19875,164.799,0.14428,170680893440.0
VRTX,32.57565,22.873117,0.22307,10.594,0.31349,118683230208.0
VTRS,,5.0027,-0.21087,97.03,-0.26134002,14223035392.0
VICI,10.695817,9.852889,0.10357001,62.925,0.70175004,30065664000.0
V,34.838078,24.609097,0.52068,68.807,0.50145,685113540608.0
VST,58.154675,17.499746,0.1731,335.784,0.06701,54777917440.0
VMC,34.734356,29.915094,0.13520999,56.296,0.14189,38872911872.0
WRB,14.825629,15.22572,0.20887,31.481,0.13007,26818095104.0
GWW,28.73962,23.370123,0.46719003,68.67,0.09746,48993611776.0
WAB,31.830189,21.536135,0.11147001,51.131,0.10941,37492621312.0
WBA,,,,,,
WMT,39.06993,37.516914,0.23661,66.747,0.03259,890886356992.0
DIS,16.578102,15.434926,0.12203,39.632,0.13136,204173361152.0
WBD,151.57895,-133.49402,0.00969,89.857,0.01281,71377879040.0
WM,34.818897,26.450058,0.29328,245.399,0.10345,89073901568.0
WAT,35.45087,26.996428,0.32987,66.042,0.20891,22988978176.0
WEC,19.98106,18.88596,0.12807,151.448,0.17748,34318542848.0
WFC,15.693575,13.73527,0.115200005,,0.26629,305159798784.0
WELL,129.55862,77.30864,0.0275,46.211,0.09693,128933593088.0
WST,40.637035,35.204983,0.16945,9.93,0.16293,19734075392.0
WDC,25.569014,18.781237,0.29707,,0.25459,62231097344.0
WY,51.608696,94.13164,0.03419,58.233,0.0468,17128670208.0
WSM,20.792723,20.606718,0.56918997,70.88,0.14297,22514008064.0
WMB,30.83938,25.693935,0.16902,188.338,0.20462999,72686944256.0
WTW,16.024904,17.338352,0.27633,75.685,0.21576001,32639559680.0
WDAY,93.51695,20.574827,0.073359996,42.719,0.06955,58926899200.0
WYNN,27.574278,21.066076,,,0.07092,12930521088.0
XEL,22.689024,18.07517,0.09449001,167.891,0.13459,44022390784.0
XYL,35.681232,24.96439,0.08555,18.253,0.10659,33793505280.0
YUM,29.871346,22.993784,,,0.17951,42547519488.0
ZBRA,24.825605,13.911389,0.14286,62.984,0.09743,12521635840.0
ZBH,22.523571,10.674691,0.06421,64.523,0.100530006,17988939776.0
ZTS,21.215128,18.62162,0.49868,135.05,0.28211,55943053312.0
